Timestamp,Open,High,Low,Close,Volume,Volumema
1410742800,122.5,123.5,122,123.5,19643900,25646890
1410829200,123,123,122,122.5,19248400,25877724
1410915600,123.5,125,123,124.5,23569510,25474201.5
1411002000,124.5,125,123.5,125,14791470,24765024.5
1411088400,125.5,126,125,125,30642860,25164373
1411347600,124,124,122,122,39412970,24996266.5
1411434000,123,123.5,122,122.5,15316730,24743850.5
1411520400,122,124,122,123,27634870,24684023
1411606800,123,124,121.5,122,23263730,24005257
1411693200,121,121.5,120.5,121,23608340,24103798
1411952400,122,122,120,120.5,54821600,25426940.5
1412038800,120,121,119,120,44152000,25813745.5
1412125200,120,122,120,121.5,42258380,26963998
1412211600,121,122.5,120.5,121,30795620,27271671.5
1412298000,122.5,125,122,124.5,52042940,28789354
1412557200,125,126,124,126,37323990,29649149
1412643600,125,125.5,123.5,125,40062170,30545089
1412730000,123.5,125,122.5,122.5,29379590,30540573
1412816400,124,125,123.5,125,35475520,31170905.5
1413162000,119,121.5,118,120.5,69350230,33639741
1413248400,120,121.5,119.5,121,31887790,34251935.5
1413334800,121.5,123,121,121.5,43948270,35486929
1413421200,121.5,124,120,121.5,45966480,36606777.5
1413507600,125,125.5,123.5,123.5,91823570,40458382.5
1413766800,125,126,124.5,126,38359120,40844195.5
1413853200,126,126,124.5,125,25647840,40155939
1413939600,127.5,129,127.5,129,64247980,42602501.5
1414026000,128,128.5,127.5,127.5,26518000,42546658
1414112400,127,127.5,125,125.5,42161680,43491555.5
1414371600,126.5,128,126.5,128,25145300,43568403.5
1414458000,129,129.5,127.5,128,35018670,42578257
1414544400,129,129.5,128,129,34730580,42107186
1414630800,128.5,129,127,128.5,35723760,41780455
1414717200,128,130.5,127.5,130.5,42202460,42350797
1414976400,132,132.5,130.5,131,45042090,42000754.5
1415062800,132,132,131,132,32216060,41745358
1415149200,131.5,132,131,132,22638260,40874162.5
1415235600,132.5,132.5,131.5,132,28429950,40826680.5
1415322000,131.5,131.5,130.5,131,16759450,39890877
1415581200,132.5,134.5,132,134.5,42735970,38560164
1415667600,135,135,133,134,20484610,37990005
1415754000,134.5,134.5,131.5,132,27434390,37164311
1415840400,133.5,134.5,132.5,134,24927090,36112341.5
1415926800,134,135,133.5,135,23733470,32707836.5
1416186000,135,135.5,132.5,133,23702760,31975018.5
1416272400,134,134.5,131,131.5,42774310,32831342
1416358800,133,136.5,132.5,136,71200310,33178958.5
1416445200,137.5,139,137,139,44216110,34063864
1416531600,139.5,139.5,137.5,138.5,30471110,33479335.5
1416790800,140,140.5,138,138.5,33408880,33892514.5
1416877200,138.5,140,138.5,139,42797860,34281474
1416963600,138.5,139,138,139,23201400,33705015
1417050000,140,142,140,140,26308350,33234244.5
1417136400,139,141.5,139,141.5,35814310,32914837
1417395600,139,142,138.5,140,41315830,32728524
1417482000,139.5,139.5,137.5,137.5,45981430,33416792.5
1417568400,137.5,139,136.5,138,38976370,34233698
1417654800,139,140,138.5,139,28276460,34226023.5
1417741200,138.5,139.5,137,137.5,27079940,34742048
1418000400,138,138.5,137,138,19672470,33588873
1418086800,138,139,137.5,138,31815890,34155437
1418173200,138,139,136,136,39845260,34775980.5
1418259600,135,136,134.5,134.5,32329260,35146089
1418346000,135,136,134.5,135,31504390,35534635
1418605200,134.5,136.5,134.5,136,44403690,36569681.5
1418691600,134.5,135.5,133,133,41273420,36494637
1418778000,133,133,130,130.5,70601250,36464684
1418864400,132,133,131,131.5,50471840,36777470.5
1418950800,134.5,138,134,138,44440660,37475948
1419210000,137.5,140,137,138.5,34676860,37539347
1419296400,139,140,137,137.5,19157680,36357338
1419382800,136,138,136,138,16722020,36033369
1419469200,137,138,137,137.5,7392192,35087561.1
1419555600,138,139,137,139,13183540,33956022.6
1419814800,138,141,138,141,35075380,33644000.1
1419901200,141,141.5,139,140,21846170,32437237.1
1419987600,139,141,139,141,18351770,31406007.1
1420419600,140.5,140.5,137.5,139.5,32104180,31597393.1
1420506000,137.5,137.5,133,133.5,66862000,33586496.1
1420592400,133.5,135,133.5,134,43766010,34791173.1
1420678800,136.5,138,136,138,42551470,35327952.1
1420765200,135,135.5,133,134,61805270,36425952.6
1421024400,132.5,133.5,132,132,30402710,36329625.1
1421110800,131,133,130.5,132.5,37851830,36646997.1
1421197200,132.5,133,130,130,48810400,36867332.6
1421283600,131.5,133,131.5,131.5,40645780,36835950.6
1421370000,140,140,136,137,124240700,39517923.1
1421629200,138.5,139.5,137.5,139,50065500,39497606.1
1421715600,139,139,137.5,138,32842630,38917704.6
1421802000,139.5,141,139.5,141,70581980,40712960.6
1421888400,141.5,142,139.5,140,43948290,41952491.1
1421974800,142.5,145,142.5,145,82359860,45234383.1
1422234000,145.5,145.5,143.5,145,46831340,47206340.5
1422320400,145.5,147,144.5,147,52945680,49194447.5
1422406800,146.5,147,145.5,146.5,45982270,49739792
1422493200,144,145,143,143.5,34541640,50374565.5
1422579600,145,145.5,141,141,43718180,51642886
1422838800,140.5,143,140.5,142.5,29247760,51500065
1422925200,143,144.5,142,144.5,27234910,49518710.5
1423011600,144.5,146.5,144,146,40455250,49353172.5
1423098000,145.5,146,143.5,145.5,23404810,48395839.5
1423184400,145.5,145.5,143,143,27359190,46673535.5
1423443600,143,143.5,141.5,142,26350630,46470931.5
1423530000,142,143,141.5,142.5,33337350,46245207.5
1423616400,146,149,146,148,71429250,47376150
1423702800,149.5,149.5,147.5,148.5,33659860,47026854
1423789200,148.5,150,148,148.5,38035670,42716602.5
1424739600,149,152,148.5,151,72656660,43846160.5
1424826000,152.5,154.5,152.5,154.5,48326780,44620368
1424912400,153.5,154,150.5,150.5,55653930,43873965.5
1425258000,151.5,153,148.5,149,41431870,43748144.5
1425344400,150,151,148.5,150.5,29205570,41090430
1425430800,150,151.5,149,150.5,32671810,40382453.5
1425517200,150,151,148.5,150,28946800,39182509.5
1425603600,149,149.5,148.5,149,31368110,38451801.5
1425862800,147.5,147.5,145,145.5,67213510,40085395
1425949200,145,145,144,144,46859210,40242446.5
1426035600,143.5,148,143,146,51828260,41371471.5
1426122000,147,148.5,146.5,148,32258790,41622665.5
1426208400,148,149.5,147,149,45624830,41881144.5
1426467600,149,149.5,146,146,36962550,42559031.5
1426554000,148.5,150,148.5,149,55770360,43979590
1426640400,151,154,150,153.5,70910780,46207597.5
1426726800,152.5,155,152.5,154,43157700,46698615
1426813200,151.5,154,151.5,154,37794580,45016881.5
1427072400,154,154,152.5,153.5,26369030,44652340
1427158800,153.5,153.5,151.5,151.5,36137800,44557446.5
1427245200,152,152.5,150.5,151,44501680,43149697.5
1427331600,145.5,147,144.5,145.5,157141500,48590433.5
1427418000,144,145.5,142.5,142.5,106832000,51149337
1427677200,142.5,144,142,142.5,59890230,52072255
1427763600,144,145.5,143,145.5,56698780,53446915.5
1427850000,145,145,143.5,144,38757190,53751184.5
1427936400,145,148,144.5,147,49298390,54768764
1428368400,146.5,147.5,145,146,33400700,54870393.5
1428454800,145.5,146,143,143,47547200,53887078
1428541200,144,145.5,143,143,46553110,53871773
1428627600,146,147,145,147,33908580,52975789
1428886800,146.5,147.5,146,147,23877200,52556709.5
1428973200,145,145.5,143.5,144,41575200,52354228
1429059600,143.5,144.5,141.5,143,71626320,54087416.5
1429146000,145,147,144.5,147,54551270,54026462
1429232400,143,144,142.5,142.5,76900680,54325957
1429491600,142,144,141.5,143,34378820,53887013
1429578000,142,143.5,141.5,142.5,36296610,53812114.5
1429664400,143.5,145,143,143.5,40631880,54525257
1429750800,145.5,147,145,147,47011740,55068954
1429837200,149,152.5,148.5,152.5,122814900,58984615
1430096400,153,153,150,151.5,57645930,54009836.5
1430182800,153.5,153.5,150.5,151.5,43295540,50833013.5
1430269200,150,151,148,148.5,37440140,49710509
1430355600,147,148.5,146.5,147,48982980,49324719
1430701200,148.5,148.5,146,147.5,30868640,48930291.5
1430787600,147.5,148,146,147,27598400,47845292
1430874000,145.5,148,145.5,147.5,18824210,47116467.5
1430960400,146,147.5,146,146.5,21908150,45834515
1431046800,146,147.5,146,146.5,20035650,44508642
1431306000,149,149,147,148.5,20402530,43833339.5
1431392400,147,148.5,147,147.5,20532500,43666104.5
1431478800,147.5,149,147,148,18885540,42531621.5
1431565200,148,148.5,146,146,39028650,40901738
1431651600,147,147,145,146.5,24331890,39390769
1431910800,147,147,145,146.5,22929380,36692204
1431997200,145.5,147.5,145,146.5,26321400,36289333
1432083600,146.5,147,146,146.5,26984910,35823748
1432170000,146,146.5,144.5,145.5,40904690,35837388.5
1432256400,146,147,145,145.5,22103850,34591994
1432515600,146.5,147.5,145.5,147.5,16323220,29267410
1432602000,148.5,148.5,146.5,146.5,15569730,27163600
1432688400,145.5,147,145,145,23866400,26192143
1432774800,147,147.5,146,147,35923780,26116325
1432861200,147,147.5,145.5,146,56658860,26500119
1433120400,145.5,146,144,145,31646860,26539030
1433206800,144.5,144.5,143.5,144,33433400,26830780
1433293200,143.5,144.5,143,143,29919690,27385554
1433379600,142,142.5,140,141,58396190,29209956
1433466000,139.5,140.5,139,140,42846690,30350508
1433725200,139.5,140,138.5,138.5,45528640,31606813.5
1433811600,138.5,140,138,139,31663810,32163379
1433898000,141,141.5,139.5,139.5,37133200,33075762
1433984400,141,144,141,143.5,44708480,33359753.5
1434070800,144,144.5,142.5,144.5,31493600,33717839
1434330000,144.5,144.5,142.5,143,23660780,33754409
1434416400,143,143,141,142,27302600,33803469
1434502800,143,143.5,142,142.5,31347570,34021602
1434589200,142,143,142,142,28627140,33407724.5
1434934800,142,143.5,142,142,28389800,33722022
1435021200,143,145,142.5,144.5,37291100,34770416
1435107600,144.5,145,143.5,145,18630320,34923445.5
1435194000,145,147,145,146.5,43741070,35917179
1435280400,147,147.5,145.5,146,33946980,35818339
1435539600,140.5,141,138.5,138.5,53096170,35640204.5
1435626000,139,140.5,138.5,140.5,45375820,36326652.5
1435712400,140,142.5,139,141,32575370,36283751
1435798800,140.5,142,140.5,141.5,23940420,35984787.5
1435885200,141.5,142.5,140,142.5,16142230,33872089.5
1436144400,141,141.5,140.5,140.5,20683910,32763950.5
1436230800,141,142,140.5,140.5,26382980,31806667.5
1436317200,140.5,141,138,138,52066080,32826781
1436403600,134,138,134,136.5,53267770,33633509.5
1436749200,137,139.5,137,138.5,34557790,33125975
1436835600,139.5,140.5,138,138.5,27574220,32930006
1436922000,139,139.5,138,138.5,23321780,32913056
1437008400,140,140,135.5,136.5,37250130,33410432.5
1437094800,138,140,138,140,55848150,34635461.5
1437354000,141.5,142,138.5,139,27684580,34588333.5
1437440400,141,141.5,139.5,140.5,19490010,34143344
1437526800,139,139.5,138,139,24672160,33512397
1437613200,137,137.5,136,136,36423260,34402044
1437699600,138,138,136,137,38264690,34128225
1437958800,135,135.5,134,134,43438470,34602799.5
1438045200,135,136.5,134,134,34252740,33660628
1438131600,135,136,134.5,135.5,29908210,32887247.5
1438218000,136,139,136,138.5,36153000,33066129
1438304400,140.5,140.5,137.5,139.5,40067320,33872474
1438563600,138.5,138.5,134.5,134.5,33747560,34752740.5
1438650000,135,136.5,134.5,136.5,26590930,35048091.5
1438736400,135.5,135.5,134,134,28555970,35156741
1438822800,136,136,132,134,38760060,34491440
1438909200,133,133.5,131.5,133,30591690,33357636
1439168400,131,131,125.5,129,63750830,34817288
1439254800,133.5,133.5,130.5,130.5,64480390,36662596.5
1439341200,129.5,130,127.5,128.5,41759850,37584500
1439427600,129,130,127.5,128,35974150,37520701
1439514000,128,128.5,125,126,39494800,36703033.5
1439773200,125.5,125.5,123,124,37949380,37216273.5
1439859600,125,126.5,125,126,40794660,38281506
1439946000,127.5,127.5,124,125,41382360,39117016
1440032400,124.5,126,123.5,126,38077920,39199749
1440118800,123,124.5,121,121,59931680,40283098.5
1440378000,120,121,112.5,115,116472300,43934790
1440464400,118,124,117.5,123.5,95080290,46976167.5
1440550800,121,124.5,119.5,122.5,65009780,48731246
1440637200,125,125,122,124,53428080,49595000
1440723600,127,127,124.5,125,41550830,49669175.5
1440982800,126,129,123.5,129,57088360,50836215.5
1441069200,127.5,127.5,124,124,42394540,51626396
1441155600,123,127,123,125.5,37060120,52051603.5
1441242000,127.5,127.5,125,127,24054040,51316302.5
1441328400,126.5,127,123.5,125,22047170,50889076.5
1441587600,124.5,126,122,122.5,25986920,49000881
1441674000,122.5,123.5,122,123,15112950,46532509
1441760400,126.5,129,126.5,129,53749620,47131997.5
1441846800,127,128,125,125,32931710,46979875.5
1441933200,125.5,127.5,124,127.5,20572990,46033785
1442192400,128,129,126,127.5,25582360,45415434
1442278800,127.5,128,125.5,126,21671400,44459271
1442365200,128,130,127.5,129.5,39954380,44387872
1442451600,130.5,131.5,130,131,49537480,44960850
1442538000,129.5,131.5,129,131.5,31965060,43562519
1442797200,130,130,128.5,129.5,29969710,39237389.5
1442883600,130,130,128.5,129,17652270,35365988.5
1442970000,127,127.5,124.5,124.5,32971040,33764051.5
1443056400,127,128,125.5,127,43508930,33268094
1443142800,127,127.5,125,127,24688660,32424985.5
1443574800,128,131,127,130,67191100,32930122.5
1443661200,131,134,129.5,133.5,49688610,33294826
1443747600,132.5,132.5,131.5,132,25252360,32704438
1444006800,133,133.5,131.5,132.5,30299140,33016693
1444093200,135,135.5,132.5,133,48641000,34346384.5
1444179600,133.5,135,133,135,31848470,34639462
1444266000,137,137,135,136,31182990,35442964
1444611600,137,139,136.5,138.5,47404730,35125719.5
1444698000,138.5,138.5,136,137.5,36171090,35287688.5
1444784400,136.5,137.5,136,136.5,18042190,35161148.5
1444870800,139,141,139,140,57253430,36744702
1444957200,137,137.5,136,137.5,36268900,37474577
1445216400,138.5,139,137,138,26173540,36785535
1445302800,139,139,137.5,139,27503560,35683839
1445389200,139.5,140,137.5,138.5,18045180,34987845
1445475600,138,138.5,137,137.5,15168790,34247799
1445562000,140,140.5,139,140,35666260,35148498.5
1445821200,140.5,140.5,139,140,24412460,34720569.5
1445907600,138.5,140,137.5,139,26033570,33846801.5
1445994000,137,139,137,138,22557320,33740234.5
1446080400,139,139.5,136.5,136.5,20463740,31403866.5
1446166800,137,137.5,136,136.5,27859020,30312387
1446426000,138.5,138.5,135.5,137.5,21680010,30133769.5
1446512400,138.5,140,138,139.5,33198560,30278740.5
1446598800,141.5,144.5,141,144.5,75333070,31613344
1446685200,144,144.5,142.5,142.5,35829860,31812413.5
1446771600,144,144,139,140,45726330,32539580.5
1447030800,141,143,140.5,142,24863490,31412518.5
1447117200,141.5,141.5,139,139.5,23336810,30770804.5
1447203600,140.5,140.5,136.5,137.5,29463480,31341869
1447290000,138.5,139,138,138.5,16485910,29303493
1447376400,137.5,139,136,136,21660370,28573066.5
1447635600,134,135.5,134,135,32132740,28871026.5
1447722000,138,140,137.5,138.5,28224720,28907084.5
1447808400,139.5,140,136.5,137,29114420,29460546.5
1447894800,138.5,140.5,138,140.5,27476690,30075941.5
1447981200,140.5,141,140,141,20296440,29307450.5
1448240400,141,141.5,140,141,17188620,28946258.5
1448326800,140,141.5,139.5,139.5,21860090,28737584.5
1448413200,139.5,141,138.5,141,27163940,28967915.5
1448499600,141,142.5,140,142.5,32015910,29545524
1448586000,143,143,139,139,23171680,29311157
1448845200,136.5,139,136,139,108747200,33664516.5
1448931600,140.5,142.5,138.5,142.5,46200730,34314625
1449018000,144,144,142,142.5,31674870,32131715
1449104400,141.5,143,141.5,142.5,18866640,31283554
1449190800,141,142.5,140.5,140.5,30891730,30541824
1449450000,142,144.5,142,143.5,40412640,31319281.5
1449536400,143.5,144,141,142.5,32196220,31762252
1449622800,142,142,140.5,140.5,26776500,31627903
1449709200,140.5,141.5,139,141,41487560,32877985.5
1449795600,141,142,139,139.5,29955600,33292747
1450054800,137.5,139.5,137.5,139,32671640,33319692
1450141200,139.5,140.5,138,138,23596100,33088261
1450227600,142,144,141,143.5,56600090,34462544.5
1450314000,144.5,145,143,145,34536660,34815543
1450400400,143,145,142,142,36348600,35618151
1450659600,141.5,142.5,140.5,141.5,26870460,36102243
1450746000,141,142,140.5,142,17140760,35866276.5
1450832400,141,143,140.5,141.5,18086170,35412388
1450918800,143,143.5,142,142,13495400,34486362.5
1451005200,142,143.5,142,143,6168635,33636210.25
1451264400,143.5,144,143,143.5,10831160,28740408.25
1451350800,143.5,144,141.5,142,12848380,27072790.75
1451437200,142.5,144,142,142.5,14603100,26219202.25
1451523600,142,144,141,143,18366990,26194219.75
1451955600,139,140,137,138,46502110,26974738.75
1452042000,138,138,135,135.5,53671340,27637673.75
1452128400,134.5,135,130.5,133,62605070,29158116.25
1452214800,132,135,132,134,50159380,30327260.25
1452474000,133,134.5,130.5,133,48416270,30673695.75
1452560400,133,134,131.5,133,34733160,30912573.75
1452646800,133.5,135.5,133,133.5,37737060,31165844.75
1452733200,130.5,132,130.5,131.5,39378490,31954964.25
1452819600,137.5,138,135.5,137,79521970,33101058.25
1453078800,135,138,134.5,137,36783680,33213409.25
1453165200,137.5,138,136,138,23790540,32585506.25
1453251600,137.5,137.5,133.5,134.5,43936190,33438792.75
1453338000,134,136.5,134,135,31957380,34179623.75
1453424400,136.5,138.5,136,138.5,33926220,34971626.25
1453683600,140,140,139,139.5,27213350,35657523.75
1453770000,137.5,139,137,137.5,24102540,36554219
1453856400,139,139.5,138.5,139.5,24047610,37215041.5
1453942800,138,140.5,138,140,37913410,38468293
1454029200,138.5,143,138,143,55674580,40521867
1454288400,144,144,141.5,144,41000460,41653540.5
1454374800,144,144.5,141.5,142.5,25400760,40598473
1454461200,145,146,144.5,146,71548890,41492350.5
1455498000,142,146.5,142,145,72938580,42009026
1455584400,146,148,145.5,147.5,55059970,42254055.5
1455670800,149,149,147,148,38486770,41757580.5
1455757200,150,151,149.5,151,61772410,43109543
1455843600,149,151,149,151,35718700,43008625
1456102800,149.5,152.5,149.5,151,27068440,42393122.5
1456189200,150.5,151,149,149.5,22352490,39534648.5
1456275600,149.5,150.5,147,148,22082820,38799605.5
1456362000,149,151,148.5,150.5,25233070,38871732
1456448400,151,151.5,148,149,37700980,38559971.5
1456794000,148.5,152,148.5,152,38664050,38895305
1456880400,154,154.5,153,153,36101650,39004076.5
1456966800,154,154.5,153,154,28867120,39086765
1457053200,153,153.5,151.5,152.5,32831360,39523206
1457312400,152.5,153.5,151,152,23933580,39517504.5
1457398800,151,152,149.5,152,35717280,39407698
1457485200,152,153,150.5,153,24254640,37836701
1457571600,153,154.5,151.5,154.5,28343950,37203875.5
1457658000,154.5,155,153,155,29635180,37415596.5
1457917200,156.5,157.5,155.5,156,32824560,35479380
1458003600,155,156.5,153,154.5,28747610,33269831.5
1458090000,155.5,156,154,156,31126820,32073174
1458176400,159.5,160,157.5,158.5,48266950,32562183
1458262800,158.5,159.5,158.5,159.5,56166710,32281898
1458522000,160,160,158,160,26215090,31806717.5
1458608400,159.5,159.5,157,158.5,25866450,31746618
1458694800,158.5,159.5,158,159.5,27506670,32004327
1458781200,158,159,157,158.5,24891950,32144783.5
1458867600,158.5,159,157,158,10199030,31393081.5
1459126800,158,159,157,159,15306140,30273339.5
1459213200,158.5,159.5,158,159,19057250,29292999.5
1459299600,158.5,162,158.5,161.5,43720330,29673933.5
1459386000,162,163,159,162,49478180,30704486.5
1459472400,161,161,157.5,158.5,31604880,30643162.5
1459904400,155.5,156,153.5,153.5,58224320,32357699.5
1459990800,155,155,152.5,154.5,35283070,32335989
1460077200,154,158,154,157.5,41065700,33176542
1460336400,156,159,155.5,158.5,21789460,32848817.5
1460422800,157.5,159.5,157.5,158.5,14877050,32110911
1460509200,160,162,159.5,161.5,39826110,32460988.5
1460595600,162,162.5,160,161.5,31377060,32592461
1460682000,157,160,156,159.5,48841510,33478195.5
1460941200,158,158.5,157.5,158,20316430,32080669.5
1461027600,160,161,157,157.5,26621020,30603385
1461114000,157.5,158,154,154,41050110,31345136
1461200400,156,157,154,157,29745230,31539075
1461286800,155.5,158,155,156.5,29028050,31615144
1461546000,156.5,157.5,156,157.5,14369480,31089020.5
1461632400,156.5,158.5,156.5,158,18179340,31488036
1461718800,156,157.5,155.5,156.5,28867020,32166080
1461805200,157.5,158,153,153,48959820,33661208.5
1461891600,151,151,149,150,66505140,34800449
1462237200,148,148.5,146.5,147.5,68609160,35756998
1462323600,147,149,146.5,147,53006380,36827073
1462410000,147.5,148.5,146,147.5,38332470,35832480.5
1462496400,148.5,148.5,147,148,36541140,35895384
1462755600,148.5,149,146.5,147.5,38497800,35766989
1462842000,147,148,146.5,147,29819190,36168475.5
1462928400,148.5,149,146.5,147,40097560,37429501
1463014800,147,148,146,146,23808950,36628643
1463101200,145,145.5,143,144,60203310,38069955.5
1463360400,143,145.5,143,144.5,31152090,37185484.5
1463446800,145.5,147,145,147,30297710,37684548.5
1463533200,146,147,145,147,31106660,37908830.5
1463619600,148,148.5,145.5,147,35192870,37615968.5
1463706000,147.5,149.5,147,148.5,36346050,37946009.5
1463965200,150.5,154.5,149.5,154,50174360,39003325
1464051600,152.5,153.5,151,151,24508620,39510282
1464138000,153.5,155,152.5,154.5,30760560,40139343
1464224400,154.5,155,153.5,155,17253150,39558649.5
1464310800,156,156.5,154.5,156.5,23064320,38263874.5
1464570000,157,158,155,157,36381830,36757709
1464656400,156.5,157.5,155,156.5,69686200,36811561
1464742800,156,159,156,159,26963100,35509397
1464829200,159,160,158,159,21999900,34692768.5
1464915600,159,160.5,159,160.5,31924340,34461928.5
1465174800,161,162,160,161,28792950,33976686
1465261200,161.5,163.5,161,162,47112770,34841365
1465347600,164,166,163.5,165.5,45323950,35102684.5
1465779600,161,162.5,161,162,48794250,36351949.5
1465866000,161,163,161,162,27557270,34719647.5
1465952400,162,163,161,163,29328890,34628487.5
1466038800,161.5,162.5,159.5,160.5,24457340,34336469
1466125200,162.5,164.5,162,163,30681260,34315199
1466384400,164.5,165,163,163,24949410,33803026
1466470800,164,165.5,163.5,165.5,28042490,33387848
1466557200,164.5,166,163.5,166,30409070,32399583.5
1466643600,165.5,166,164,164,22592550,32303780
1466730000,164,164,154.5,159,86994060,35115455
1466989200,154.5,156,154,155.5,42912750,36398435
1467075600,155.5,157.5,155,157,38815890,37186013.5
1467162000,158.5,160,158,159,31581570,36946000.5
1467248400,161,163,159.5,162.5,42458430,35584612
1467334800,164.5,166,163.5,166,36290640,36050989
1467594000,165.5,166.5,164.5,166,25818660,36241927
1467680400,165,165.5,164,164,16422880,35466854
1467766800,163,163,160.5,161.5,34874110,35770912
1467853200,163.5,165,163,164.5,23821270,34606337
1468198800,170,170.5,168.5,170,51048920,34892585.5
1468285200,171,171.5,169.5,171,42038940,34554820
1468371600,169.5,170,167,168.5,50728990,35713406
1468458000,167,170,167,169,34916820,35992802.5
1468544400,168,169.5,166.5,169.5,41622110,36851041
1468803600,168,170,168,169.5,24774060,36555681
1468890000,170.5,170.5,169,170.5,42482370,37432329
1468976400,170,170.5,169,170,38076860,37934047.5
1469062800,171,172,170,172,33177660,38072477
1469149200,172,172,170.5,171,28537440,38369721.5
1469408400,172,173,169,171.5,27180810,35379059
1469494800,172,173,171.5,173,32736380,34870240.5
1469581200,175,176,174.5,175,34175140,34638203
1469667600,175,176.5,173,176.5,31138300,34616039.5
1469754000,177,177,172.5,172.5,29839530,33985094.5
1470013200,175,177,174.5,177,34263890,33883757
1470099600,177.5,177.5,175.5,176,15281110,33356879.5
1470186000,172.5,174,172,172.5,21652240,33618347.5
1470272400,173,174.5,172.5,174.5,13639160,32556600
1470358800,175,177.5,174,177,25803780,32655725.5
1470618000,178,178,176.5,178,16241760,30915367.5
1470704400,178.5,179.5,177,178.5,16443470,29635594
1470790800,179,179.5,178,179.5,19307660,28064527.5
1470877200,177.5,178,175.5,176.5,28216220,27729497.5
1470963600,178.5,178.5,177,177.5,22971750,26796979.5
1471222800,178.5,179,177.5,179,12049190,26160736
1471309200,178,179,175,175.5,34284270,25750831
1471395600,177,177.5,176,177,21510620,24922519
1471482000,176,176.5,175,176,27273730,24627322.5
1471568400,177,177.5,174,174.5,23496710,24375286
1471827600,173,174,171.5,173,21299070,24081199
1471914000,174,175,173.5,174,20908600,23489810
1472000400,175,175.5,173.5,173.5,12106490,22386377.5
1472086800,175,177,174.5,177,23883650,22023645
1472173200,175,177,175,177,15087930,21286065
1472432400,175,177,174,176.5,16967250,20421233
1472518800,176,176.5,174,174.5,19352230,20624789
1472605200,176.5,177,174.5,176,38479250,21466139.5
1472691600,176,176,173,173.5,22701340,21919248.5
1472778000,176.5,176.5,174,174.5,16989130,21478516
1473037200,176.5,177.5,176.5,176.5,22398910,21786373.5
1473123600,177,179,176.5,179,26029250,22265662.5
1473210000,180.5,185,180,184,49809480,23790753.5
1473296400,182.5,184.5,182.5,183,30191950,23889540
1473382800,181,181,179.5,179.5,29795510,24230728
1473642000,177.5,177.5,174,175,42657710,25761154
1473728400,176.5,176.5,173.5,175,36801580,25887019.5
1473814800,174,176,173.5,173.5,52864220,27454699.5
1474246800,179.5,183,178.5,182.5,57003070,28941166.5
1474333200,182,183.5,181.5,183,23647420,28948702
1474419600,181,184,180.5,184,24984790,29132988
1474506000,185,185.5,183.5,185.5,20998260,29137471
1474592400,185,187.5,184.5,187.5,23141190,29689206
1474851600,183.5,185,183,183,23124000,29651223.5
1475110800,185.5,187.5,185.5,185.5,54267770,31610215.5
1475197200,185.5,186.5,182.5,182.5,42516410,32887673.5
1475456400,186,186.5,184.5,186,17704860,32805305
1475542800,185,187,185,187,16860680,31724376.5
1475629200,186,186,184.5,186,19144380,31546528.5
1475715600,185,187.5,185,187.5,15515730,31472858.5
1475802000,188,188,186,188,15031420,31104484
1476147600,191,191,186,187.5,30312790,31318661
1476234000,186.5,190,186,189.5,22592210,29957797.5
1476320400,190.5,191,187,188.5,37416210,30319010.5
1476406800,187,189,186.5,188,33246210,30491545.5
1476666000,186.5,187.5,185,186.5,37328270,30225073.5
1476752400,186.5,187,185.5,187,38022810,30286135
1476838800,187.5,189.5,187.5,189.5,33280870,29306967.5
1476925200,189.5,190.5,189,190.5,13211200,27117374
1477011600,191,192,188.5,188.5,21943840,27032195
1477270800,191,191,189.5,191,13475380,26456724.5
1477357200,192,193,191,193,18874940,26350558.5
1477443600,190.5,192.5,190.5,191.5,21057040,26246351
1477530000,191.5,191.5,188.5,188.5,26204190,26400360.5
1477616400,189.5,190,188.5,189.5,24353890,24904666.5
1477875600,189,190.5,186.5,188.5,25321650,24044928.5
1477962000,188.5,189.5,187.5,189.5,14278850,23873628
1478048400,187.5,188,186,186,16439620,23852575
1478134800,185.5,186.5,184.5,184.5,25031560,24146934
1478221200,184.5,186,184,184.5,14859080,24114101.5
1478480400,186.5,189,186,189,21349230,24429992
1478566800,190,190,188,188.5,15454390,23687072
1478653200,190,190.5,182,182,55579000,25336411.5
1478739600,187,188,185.5,185.5,38252430,25378222.5
1478826000,181.5,183,181,181.5,67636190,27097721.5
1479085200,181,182,180,180.5,48032590,27632937.5
1479171600,179.5,182,179,180,33528520,27408223
1479258000,180.5,183,180,180,34856770,27487018
1479344400,182,182.5,180.5,181.5,22452020,27949059
1479430800,181.5,181.5,180,181,22488430,27976288.5
1479690000,180.5,181.5,180,181,15622670,28083653
1479776400,182,185,181.5,184,27628120,28521312
1479862800,184.5,186.5,184,185.5,22150610,28575990.5
1479949200,184,185,183,183,14999770,28015769.5
1480035600,182.5,183.5,182,182,10129870,27304568.5
1480294800,181.5,184,181.5,184,19126420,26994807
1480381200,183.5,185,182,182,24424640,27502096.5
1480467600,181.5,183,181.5,183,39688280,28664529.5
1480554000,182,183,181.5,183,13923340,28109118.5
1480640400,179,179.5,178,178,53861370,30059233
1480899600,178,180,178,179,29220540,30452798.5
1480986000,181,183,180.5,182,27328860,31046522
1481072400,183,183.5,181.5,181.5,14128260,28973985
1481158800,184,185.5,183,185.5,27276760,28425201.5
1481245200,186,186,184.5,186,24890770,26287930.5
1481504400,186,187,184,185,18817930,24827197.5
1481590800,186.5,186.5,184.5,186,23610590,24331301
1481677200,186.5,187.5,185.5,187.5,16594970,23418211
1481763600,185,187.5,184.5,187,22819940,23436607
1481850000,185.5,187,185,185,36005940,24112482.5
1482109200,184,184.5,182.5,182.5,20553360,24359017
1482195600,181,182.5,180,182.5,24160410,24185631.5
1482282000,181,182,180,180,29710180,24563610
1482368400,180,180.5,179,179,26292270,25128235
1482454800,179,180,178.5,178.5,22977890,25770636
1482714000,179,180,179,179.5,5694358,25099032.9
1482800400,180,180.5,179.5,180,8276087,24291605.25
1482886800,181,182,180.5,182,21243130,23369347.75
1482973200,180,181.5,180,180,30211760,24183768.75
1483059600,181,182.5,180,181.5,36629380,23322169.25
1483405200,181.5,183.5,181,183,22646780,22993481.25
1483491600,183,184,181.5,183,24382370,22846156.75
1483578000,182,183.5,181.5,183.5,20994560,23189471.75
1483664400,184,184.5,183.5,184,22462810,22948774.25
1483923600,184,185,183,184,18583790,22633425.25
1484010000,184.5,185.5,183.5,184,20217310,22703394.25
1484096400,185,185,181.5,182,29127170,22979223.25
1484182800,182.5,185.5,182.5,184.5,41163500,24207649.75
1484269200,180.5,182.5,180.5,181.5,52370360,25685170.75
1484528400,180,180.5,179,179.5,30778050,25423776.25
1484614800,180.5,181,179.5,181,13171420,25054679.25
1484701200,180.5,181,179.5,181,23710640,25032190.75
1484787600,179.5,181,179.5,180.5,24639610,24778662.25
1484874000,181,181.5,180.5,181,23446570,24636377.25
1485133200,182.5,185,182.5,185,37023060,25338635.75
1485219600,185,186.5,184.5,185.5,55056240,27806729.85
1485997200,188,188.5,184,184.5,94121780,32099014.5
1486083600,186,186,183.5,184.5,29536650,32513690.5
1486342800,184.5,185.5,184,184.5,24808830,32243544
1486429200,183.5,185,183,184.5,23639990,31594074.5
1486515600,183.5,184.5,183,183.5,29183270,31920899
1486602000,184,185.5,183.5,184,18994790,31651520
1486688400,184.5,185.5,184,185.5,34771380,32340361
1486947600,186.5,188,186.5,187.5,25155820,32475011.5
1487034000,189,190,187.5,187.5,45723940,33832019
1487120400,187,189.5,186.5,189,39380270,34790167
1487206800,190,190.5,188,189,27045090,34686063
1487293200,190,190.5,189,189.5,20407880,33648282
1487552400,190,190.5,189.5,190,13280400,31693784
1487638800,190,190,188.5,190,31178530,31713808
1487725200,190.5,191,188.5,188.5,25703910,32340432.5
1487811600,188,189.5,187,188.5,35746620,32942231.5
1487898000,187.5,190.5,187.5,189,22790020,32849752
1488330000,188.5,188.5,186,186,46212270,33988037
1488416400,188,188.5,185,186,40003670,34137067.5
1488502800,184.5,185,184,184,28213610,32794936
1488762000,184,184.5,183.5,183.5,12548330,28716263.5
1488848400,184,185.5,184,185.5,18836390,28181250.5
1488934800,186,188,185.5,187,31812080,28531413
1489021200,185.5,186,184,184.5,28500470,28774437
1489107600,184,184.5,183,183.5,20066300,28318588.5
1489366800,185,186.5,185,186.5,10505360,27894117
1489453200,188,188,186,186,22262220,27268659
1489539600,185.5,187,185.5,186.5,14147170,26718226.5
1489626000,188,190,188,190,31533960,26008727.5
1489712400,189.5,191.5,189,191.5,33807820,25730105
1489971600,191.5,191.5,189.5,191.5,16244620,25190081.5
1490058000,192,195,191.5,195,32320230,25785699
1490144400,192.5,193.5,191.5,193.5,27432560,26493307
1490230800,192,193.5,192,193.5,18494300,25859095.5
1490317200,192,193,192,192.5,17564200,25452110
1490576400,194.5,194.5,192,193,29269000,25128229
1490662800,195,195,192.5,194.5,38285320,25902994
1490749200,194.5,194.5,191,191.5,33399400,25262350.5
1490835600,192.5,193,190.5,191.5,28321970,24678265.5
1490922000,191,192,189,189,33651900,24950180
1491354000,189.5,193,189.5,193,43774410,26511484
1491440400,193,193,191,191.5,16192040,26379266.5
1491526800,192,192,188.5,191,18925100,25734917.5
1491786000,191,191.5,189.5,190,17040750,25161931.5
1491872400,190,191,189,191,8457922,24581512.6
1491958800,190.5,191.5,190,191,17302050,24921347.1
1492045200,189.5,192,189.5,191.5,14796170,24548044.6
1492131600,189.5,189.5,188,189,30719590,25376665.6
1492390800,189,189,187.5,187.5,17111520,24655543.6
1492477200,188,189.5,187.5,188,25076770,24218991.1
1492563600,187.5,187.5,186.5,186.5,30491200,24931320.1
1492650000,186.5,188,186.5,187,21503490,24390483.1
1492736400,187.5,190,187.5,190,17384230,23888066.6
1492995600,191,191.5,188.5,190,19330680,23929885.6
1493082000,190.5,192,189.5,192,31952890,24649320.1
1493168400,192,192,190.5,191,29931970,24682468.6
1493254800,192,193,190.5,193,27957930,24166099.1
1493341200,193.5,194.5,193,194.5,34881020,24240180.1
1493686800,198.5,199,195.5,196.5,44154960,25031829.6
1493773200,198,198.5,197,198,25760960,24637282.6
1493859600,198.5,199,197,198,22117080,23554416.1
1493946000,197,198.5,197,197.5,17064360,23598032.1
1494205200,199,202.5,199,202.5,36634010,24483477.6
1494291600,205.5,207,203.5,203.5,48161320,26039506.1
1494378000,204,206,204,205.5,28375760,27035398
1494464400,204.5,208.5,204,207.5,43818100,28361200.5
1494550800,205,207,205,206,25065050,28874644.5
1494810000,204,206,204,206,25720330,28624681.5
1494896400,205,205,203.5,204.5,33261670,29432189
1494982800,203,204,203,204,21606380,29258669.5
1495069200,202.5,204,201.5,203.5,22490220,28858620.5
1495155600,203.5,204.5,202.5,203,16517110,28609301.5
1495414800,203.5,205,203,205,13767710,28428475.5
1495501200,205,207,204.5,205,20020300,28462956.5
1495587600,205,206,205,205.5,13406720,27535648
1495674000,206,207,205.5,207,22369750,27157537
1495760400,205,207,205,207,32556730,27387477
1496192400,206.5,207,203,203,67510150,29018933.5
1496278800,205,207,204.5,207,27623650,28192368
1496365200,208.5,209,207.5,209,22627320,28035686
1496624400,209.5,212,209,212,21549160,28007290
1496710800,210.5,211.5,210.5,210.5,14949030,27901523.5
1496797200,212,212.5,210,211.5,29549330,27547289.5
1496883600,212,213,211.5,213,18482250,26063336
1496970000,214.5,215,212,212,31821160,26235606
1497229200,207,210,207,207.5,58287750,26959088.5
1497315600,207,208.5,206.5,208,43603300,27886001
1497402000,208.5,209.5,206,207,36323900,28416179.5
1497488400,207.5,208,207,208,17764460,27641319
1497574800,207.5,212,207,211.5,32856540,28203827
1497834000,211,213,210.5,213,15670570,27862844.5
1497920400,215,218,214.5,216.5,28684100,28471194
1498006800,216,217,214.5,215.5,44826480,30024132.5
1498093200,217,218,216.5,218,24227650,30234500
1498179600,218,218.5,217,217,39686090,31548468.5
1498438800,212,215,212,215,58748800,33367421
1498525200,214,214,211,211.5,43304790,33904824
1498611600,209.5,210,208,208.5,48612920,32959962.5
1498698000,210.5,210.5,208.5,210,26049230,32881241.5
1498784400,206.5,208.5,206.5,208.5,30894980,33294624.5
1499043600,207.5,209,207,209,19066610,33170497
1499130000,208,208.5,207,207,21160270,33481059
1499216400,207,208.5,206.5,208.5,23302030,33168694
1499302800,208,208.5,207,207.5,15260730,33007618
1499389200,207,207.5,205.5,206,20680710,32450595.5
1499648400,206.5,207,206,206,13318530,30202134.5
1499734800,208,212,207.5,212,33304980,29687218.5
1499821200,211,212.5,210.5,210.5,26459730,29194010
1499907600,212,216,211.5,214.5,50136850,30812629.5
1499994000,213,214.5,212,213,22364170,30288011
1500253200,215,215.5,211.5,213,21400130,30574489
1500339600,213,214,212,214,18633450,30071956.5
1500426000,212.5,215,212.5,214.5,20661380,28863701.5
1500512400,215,215.5,214,215.5,20795770,28692107.5
1500598800,214,215,213.5,214,15062140,27460910
1500858000,213.5,214.5,213,214.5,20002700,25523605
1500944400,214,214.5,213.5,214,13368200,24026775.5
1501030800,215,215,212.5,213,14710560,22331657.5
1501117200,213.5,216,213.5,215.5,23041020,22181247
1501203600,213,214,212.5,213,19741130,21623554.5
1501462800,211.5,214.5,211.5,214.5,20012310,21670839.5
1501549200,212.5,214,212,212,19729000,21599276
1501635600,214,216,214,216,27353040,21801826.5
1501722000,213,214,212.5,213.5,25710400,22324310
1501808400,213.5,214,212.5,213,21857420,22383145.5
1502067600,213.5,216.5,213.5,216,21594980,22796968
1502154000,217.5,219,216,217.5,25152800,22389359
1502240400,215,215.5,213.5,214.5,28072450,22469995
1502326800,215.5,215.5,212.5,214,26300050,21278155
1502413200,211,213.5,210.5,212.5,41439130,22231903
1502672400,213.5,214,210,211,29334620,22628627.5
1502758800,213,214.5,213,214,13535920,22373751
1502845200,214.5,214.5,211,213,25195990,22600481.5
1502931600,213.5,214,213,214,8353232,21978354.6
1503018000,212,213,211,212.5,13728530,21911674.1
1503277200,212.5,213,211.5,211.5,11882500,21505664.1
1503363600,213.5,214.5,213,214.5,14211420,21547825.1
1503450000,215.5,216,214,215.5,11589920,21391793.1
1503536400,216,217,215.5,217,15224840,21000984.1
1503622800,217.5,217.5,216,217.5,10125390,20520197.1
1503882000,215,216.5,215,216,15236160,20281389.6
1503968400,216,216,215,216,16160160,20102947.6
1504054800,216,218,216,217.5,19674310,19719011.1
1504141200,217.5,218,215.5,216.5,26434200,19755201.1
1504227600,215,217.5,215,216.5,17805410,19552600.6
1504486800,216.5,218,215.5,217.5,15023190,19224011.1
1504573200,218,218,216.5,218,17357350,18834238.6
1504659600,216.5,218,216,217,16012660,18231249.1
1504746000,218,218.5,216,217,19135540,17873023.6
1504832400,217,218,216.5,218,25512050,17076669.6
1505091600,219,219.5,216.5,217,19026890,16561283.1
1505178000,219,219.5,217.5,219,21588320,16963903.1
1505264400,217.5,219,217.5,218,17555540,16581880.6
1505350800,218.5,219,217.5,218.5,18315570,17079997.5
1505437200,218.5,219,217,218.5,44551100,18621126
1505696400,219,220,218,219.5,17654710,18909736.5
1505782800,221.5,221.5,220,221.5,23410230,19369677
1505869200,221,222,220,221.5,20320240,19806193
1505955600,221,223,220,221,18645570,19977229.5
1506042000,221.5,222,218.5,218.5,21557370,20548828.5
1506301200,217.5,218.5,217,217,16876290,20630835
1506387600,217.5,218,214,214,23070900,20976372
1506474000,217.5,217.5,215,215,22590510,21122182
1506560400,215,216,213.5,214,31616060,21381275
1506646800,216,217.5,215.5,216.5,21380710,21560040
1506906000,219.5,220.5,218.5,220.5,28003550,22209058
1506992400,219,223,219,222.5,36679940,23175187.5
1507165200,222,225.5,222,224.5,23349940,23542051.5
1507251600,225,225.5,223.5,224.5,15642520,23367400.5
1507683600,226.5,233.5,226.5,233,63667560,25275176
1507770000,235,237.5,234.5,237.5,42390190,26443341
1507856400,237.5,237.5,234.5,237.5,23145070,26521178.5
1508115600,237.5,238,236,238,19964070,26641605
1508202000,238,238,235,235.5,17652300,26608441.5
1508288400,239.5,239.5,237,237.5,28886850,25825229
1508374800,239.5,241.5,239,239,23481780,26116582.5
1508461200,238,239.5,237.5,237.5,24722040,26182173
1508720400,239,240,238.5,239,15772560,25954789
1508806800,240,240,238,238,14975090,25771265
1508893200,238.5,239,237.5,238,16880190,25537406
1508979600,237,238,236,236,12959720,25341577.5
1509066000,237.5,240,237.5,239,17773540,25076709.5
1509325200,242,245,241.5,243,27784990,25336433.5
1509411600,243.5,245,241.5,243,22582010,24884731
1509498000,243.5,245,241.5,242.5,20389050,24835148
1509584400,242,242.5,240.5,241,15810340,24225487.5
1509670800,240.5,241,238.5,239,16528680,23217924.5
1509930000,243.5,244,239,239.5,21029420,23101898.5
1510016400,242,244,241.5,244,20200260,23329785.5
1510102800,243,243.5,242,242.5,14129100,20852862.5
1510189200,240.5,243,240,241,20313950,19749050.5
1510275600,240,242,239.5,240.5,14121300,19297862
1510534800,240,241.5,239.5,239.5,12087860,18904051.5
1510621200,241,241,239,240,16880180,18865445.5
1510707600,239,239.5,236,237.5,28720310,18857118.5
1510794000,238,240,237.5,238,16487170,18507388
1510880400,240.5,242.5,240.5,241.5,18676830,18205127.5
1511139600,241,241.5,238,238.5,16265270,18229763
1511226000,240,243,239.5,243,20513020,18506659.5
1511312400,244.5,244.5,242,242,26626430,18993971.5
1511398800,242,243.5,241.5,242.5,9346763,18813323.65
1511485200,242,244.5,241.5,244,11154450,18482369.15
1511744400,240,240,237,237,32247320,18705485.65
1511830800,234.5,235,233,234,44803180,19816544.15
1511917200,235,236,234.5,234.5,25762800,20085231.65
1512003600,226.5,230.5,226,226,109231800,24756304.65
1512090000,228.5,233.5,227.5,231,37446270,25802184.15
1512349200,232.5,234.5,231,234,21635030,25832464.65
1512435600,231,231,228.5,229.5,29664770,26305690.15
1512522000,228,229.5,226.5,227,32371690,27217819.65
1512608400,226.5,226.5,222.5,226.5,41343900,28269317.15
1512694800,231,231,224.5,227,37959260,29461215.15
1512954000,228.5,229,227,227.5,20649610,29889302.65
1513040400,229.5,229.5,225,227.5,21796580,30135122.65
1513126800,227.5,228,226.5,227,17920330,29595123.65
1513213200,228,230.5,227.5,230.5,17193310,29630430.65
1513299600,228.5,230,226.5,230,42625780,30827878.15
1513558800,227,228,226.5,227,14564660,30742847.65
1513645200,226.5,228.5,224,225,25714130,31002903.15
1513731600,225,225.5,223.5,224.5,26289330,30986048.15
1513818000,226.5,227,224.5,225,18558160,31446618
1513904400,225,227.5,224,227.5,19036480,31840719.5
1514163600,228,229.5,226.5,228.5,4579675,30457337.25
1514250000,229,229,225,226,13755840,28904970.25
1514336400,225,226,225,225,12515250,28242592.75
1514422800,226.5,228,225,226,24304370,23996221.25
1514509200,227.5,230,226.5,229.5,25007440,23374279.75
1514854800,231.5,232.5,231,232.5,18055270,23195291.75
1514941200,236,238,235.5,237,29308090,23177457.75
1515027600,240,240,236.5,239.5,29096610,23013703.75
1515114000,240,240,238,240,22438260,22068421.75
1515373200,242,242.5,240.5,242,20233690,21182143.25
1515459600,242,242,239.5,242,19043120,21101818.75
1515546000,241.5,242,236,236.5,23631220,21193550.75
1515632400,235,236,232.5,235,30446340,21819851.25
1515718800,234.5,238,233.5,237,21513290,22035850.25
1516064400,240,240.5,238,240.5,21691630,20989142.75
1516150800,240.5,243,239,242,38046120,22163215.75
1516237200,245,250,245,248.5,49896950,23372356.75
1516323600,253.5,255.5,251.5,255.5,50549290,24585354.75
1516582800,257.5,262,257,261.5,43400510,25827472.25
1516669200,262.5,266,262.5,266,33527440,26552020.25
1516755600,263,263,256.5,258,41874810,28416777
1516842000,258,264,256.5,258,44643760,29961173
1516928400,256.5,257.5,253.5,255,39555520,31313186.5
1517187600,259,261.5,255,258.5,30071230,31601529.5
1517274000,256,257.5,252.5,253,36860590,32194187
1517360400,253,257.5,252,255,44136810,33498264
1517446800,257.5,261,257,259.5,30559457,33560832.35
1517533200,259,260,255,259.5,25707560,33391379.85
1517792400,251,254.5,250.5,253,45594379,34549185.8
1517878800,242.5,243.5,234,239,102409048,38657953.7
1517965200,245,245.5,239.5,240,80063178,41708956.6
1518051600,239.5,242,238,238.5,30989550,42076873.1
1518138000,230,233,228.5,232.5,65735265,43841319.35
1518397200,235.5,237.5,235,236.5,35635236,44547416.65
1519174800,244.5,244.5,242,242.5,71504174,47038043.85
1519261200,244,244,239,239.5,39239993,47097737.5
1519347600,241,245,241,245,26985776,45952178.8
1519606800,247,247.5,245,246.5,35901810,45219804.8
1519693200,250.5,250.5,246,246,40818119,45090685.25
1519866000,244,245,242,243,39719984,45400312.45
1519952400,240,241,238.5,240,35139170,45063530.45
1520211600,242.5,243,240.5,241.5,27337846,44198234.75
1520298000,245.5,250,245.5,250,34890780,43964997.75
1520384400,248,248.5,246,247,30391219,43980997.2
1520470800,249.5,251.5,249,249.5,20645694,43170252.4
1520557200,250,251,248.5,250.5,19831063,41954965.05
1520816400,252,255,251.5,254,24492615,41651622.95
1520902800,255.5,259,255,259,33756883,42054089.1
1520989200,256.5,257.5,255.5,257,23772838,40963012.05
1521075600,258,258,255,255,19396493,36812384.3
1521162000,253,256,249.5,255,62929326,35955691.7
1521421200,252.5,255.5,251,255,21440766,35478252.5
1521507600,253,254,251.5,253,21840151,33283496.8
1521594000,255,255,251,252.5,28976737,32950571.85
1521680400,254.5,254.5,249.5,251.5,27000668,30725396.55
1521766800,245,247,244,245,52498390,31388316.4
1522026000,241.5,244.5,241.5,243.5,36987945,31888424.85
1522112400,248,251,247,251,31008260,31643747.35
1522198800,247.5,248,244,245,29637411,31084711.95
1522285200,243,247,242.5,244,36165345,30906980
1522371600,247.5,249.5,246,246,16996346,29999838.8
1522630800,248.5,249,245,246.5,17696003,29517746.65
1522717200,243,244.5,242,244,35813944,29563904.85
1523235600,248,248,243.5,245,34694824,29779085.1
1523322000,244.5,249,243.5,245.5,25156994,30004650.1
1523408400,246.5,248.5,246.5,248,21607935,30093493.7
1523494800,248.5,248.5,244,245,20409657,29889345.8
1523581200,246,246,244,244.5,19742548,29188629.05
1523840400,243,244,242,243.5,18350139,28917494.1
1523926800,243,243.5,237.5,238,42756389,30085488.9
1524013200,239.5,241.5,236.5,238,42500048,29064025
1524099600,242,244.5,241,244.5,31901989,29587086.15
1524186000,228,231.5,228,229,128452087,34917682.95
1524445200,226.5,227.5,225,226.5,71009975,37019344.85
1524531600,225,227.5,225,227,40967892,37717706.05
1524618000,225.5,226,224,225,46771110,37431342.05
1524704400,225,225.5,221,222,48023557,37983122.65
1524790800,225,225.5,221,223.5,34174459,38141432.6
1525050000,224.5,228,222.5,227,28500789,38084601.5
1525222800,227,227.5,222.5,223,38167942,38184731.35
1525309200,221,222.5,220,220.5,31690731,38919450.6
1525395600,221,224,220.5,223,27208722,39395086.55
1525654800,225,225.5,221.5,223.5,23268759,38767827.3
1525741200,224,228.5,223.5,228,40324763,39049324.25
1525827600,228.5,232,228.5,229.5,33778934,39480421.25
1525914000,231,231.5,229,229.5,27530377,39776543.35
1526000400,232,234,230.5,233,30693910,40290756
1526259600,234.5,234.5,232.5,233,19921437,40299700.45
1526346000,233.5,234,229.5,230.5,23771769,40570781.95
1526432400,229.5,230.5,228.5,230.5,14409556,39153440.3
1526518800,231,231.5,226.5,226.5,26852737,38371074.75
1526605200,225.5,227.5,223.5,223.5,27664541,38159202.35
1526864400,225,230,225,229,16127815,32542988.75
1526950800,230,233.5,229,229,22355097,30110244.85
1527037200,231.5,231.5,228.5,228.5,23062899,29214995.2
1527123600,229.5,230,228.5,229,12996610,27526270.2
1527210000,228.5,229.5,228,228.5,15971294,25923657.05
1527469200,229.5,230,226.5,227,16373270,25033597.6
1527555600,226.5,226.5,223.5,225,23764776,24796796.95
1527642000,224,224,220.5,221,49163788,25346589.25
1527728400,221.5,224,220.5,224,96069458,28565525.6
1527814800,224.5,226.5,224,224,27617994,28585989.2
1528074000,227.5,229,227,229,25959480,28720525.25
1528160400,230,230,226.5,229,26534884,28031031.3
1528246800,229,230,227,230,24767441,27580456.65
1528333200,231,231.5,228,230,24958266,27451851.1
1528419600,229,229,226,227,23548851,27094598.15
1528678800,226.5,227,225,226,21696933,27183372.95
1528765200,225,229,224,229,29501260,27469847.5
1528851600,229,232,228,232,28944970,28196618.2
1528938000,230,230,226.5,226.5,33408041,28524383.4
1529024400,225,231,224,231,48059679,29544140.3
1529370000,225.5,226,224,225,56889624,31582230.75
1529456400,224.5,227.5,223.5,226,40708701,32499910.95
1529542800,227.5,228,226,226.5,31242557,32908893.85
1529629200,224.5,227.5,224,227.5,43581409,34438133.8
1529888400,220,220.5,218,218,45025211,35890829.65
1529974800,215.5,216,212.5,214.5,38446346,36994483.45
1530061200,216,216,212.5,213,39888414,37800665.35
1530147600,211,214.5,210,212,37940780,37239514.95
1530234000,212,217,212,216.5,34313680,34151726.05
1530493200,218.5,219,214,214,32449442,34393298.45
1530579600,215.5,218,213.5,214.5,28323220,34511485.45
1530666000,217,217.5,215.5,216,15212295,33945356
1530752400,214,215,213,214.5,18225416,33618254.75
1530838800,217.5,217.5,215,217,29033762,33822029.55
1531098000,219.5,223,218.5,221.5,38752793,34582226.65
1531184400,223,224,222,222,20118957,34503327.85
1531270800,220,220,218,220,19854690,34020999.35
1531357200,218,222,218,220.5,23666051,33757053.4
1531443600,222.5,224.5,222.5,224.5,29716311,33572466.9
1531702800,224.5,225,223.5,223.5,15827254,31960845.65
1531789200,222.5,223.5,221,221.5,21548436,30193786.25
1531875600,223,224,222,223,39898658,30153284.1
1531962000,225.5,227,224.5,224.5,39661216,30574217.05
1532048400,235,237.5,233,237.5,97969023,33293597.75
1532307600,239,245,238.5,241,52256877,33655181.05
1532394000,240,241.5,238.5,241,27239267,33094827.1
1532480400,239,241,239,240.5,20962512,32148532
1532566800,241,242.5,239.5,241,30606388,31781812.4
1532653200,242,244.5,241,244.5,27129646,31422610.7
1532912400,244.5,245.5,244,245.5,22803730,30940325.1
1532998800,243.5,246,242,246,27059442,30877136.2
1533085200,247,248,246.5,248,29136161,31573329.5
1533171600,249,249.5,243.5,244.5,22402110,31782164.2
1533258000,246,248,245,247,24719097,31566430.95
1533517200,245,247,244,245.5,22364568,30747019.7
1533603600,245,245.5,241.5,241.5,23992418,30940692.75
1533690000,245,247.5,244.5,247.5,24382432,31167079.85
1533776400,247,248,246,247,15128655,30740210.05
1533862800,246.5,247,244.5,245,15890492,30048919.1
1534122000,241.5,243,239,240.5,17881194,30151616.1
1534208400,245,245,242.5,243.5,17358913,29942139.95
1534294800,244.5,244.5,239.5,241.5,18473321,28870873.1
1534381200,238,241.5,238,239,19155966,27845610.6
1534467600,239.5,241,239,239.5,18324474,23863383.15
1534726800,239.5,240,238,239.5,16960437,22098561.15
1534813200,239,241,238.5,241,12014127,21337304.15
1534899600,241.5,242.5,240.5,242,12614240,20919890.55
1534986000,243,244.5,243,244.5,14839240,20131533.15
1535072400,245.5,246,243,243.5,14355943,19492848
1535331600,246,246.5,244.5,245,15186299,19111976.45
1535418000,248.5,250,248,249.5,36792531,19598630.9
1535504400,253.5,259,253.5,259,56993182,20991481.95
1535590800,264.5,268,262.5,263.5,48957808,22319266.85
1535677200,257.5,259,254,256,69069506,24536787.3
1535936400,259,260,256.5,257,26756905,24756404.15
1536022800,258.5,259.5,255.5,257.5,34304615,25272014
1536109200,260,264.5,259,264,44864459,26296115.35
1536195600,268,268,261,261,35698488,27324607
1536282000,263,264,260.5,264,38663728,28463268.8
1536541200,266.5,266.5,262.5,264.5,41735795,29655998.85
1536627600,263,263.5,258,260,34350276,30505567
1536714000,261,262,258,260.5,37885965,31476199.2
1536800400,260,260,253.5,255,37576180,32397209.9
1536886800,257,261.5,257,261,37903219,33376147.15
1537146000,262.5,262.5,257,258,24765758,33766413.2
1537232400,256.5,257,254,254.5,33960152,34863714.45
1537318800,258,260,257,258,59227711,37194388
1537405200,261.5,261.5,257.5,260,29649071,37934879.55
1537491600,261.5,261.5,258,261.5,35012974,38967731.1
1537837200,261.5,264,260.5,263.5,24397062,39428269.25
1537923600,263,263.5,261,263.5,24859115,38831598.45
1538010000,264,266,262,265,38495371,37906707.9
1538096400,266,266,260,262.5,39626486,37440141.8
1538355600,262,264,261,263,22274380,35100385.5
1538442000,262,263,257,257.5,38391491,35682114.8
1538528400,257.5,260,257,260,25228536,35228310.85
1538614800,257,257.5,254,254,36408727,34805524.25
1538701200,250,253,248.5,250,40204660,35030832.85
1538960400,245.5,246.5,241,243.5,50938958,35644594.35
1539046800,243.5,245,242,244,28905345,35003071.85
1539219600,233.5,233.5,227,227.5,94589657,38015040.9
1539306000,231,237,229,237,47175769,38479531.1
1539565200,234,234,230.5,230.5,42327280,38717086.1
1539651600,229.5,237,229,237,37844077,38714129
1539738000,241.5,243,238,238.5,42542858,39602984
1539824400,238,239,235.5,236.5,25699430,39189947.9
1539910800,231,236.5,230,236,28358460,37646485.35
1540170000,232.5,238,231.5,237,29275777,37627820.65
1540256400,232,234,230,230,32827745,37518559.2
1540342800,230,231,227,229.5,44321950,38514803.6
1540429200,220.5,222,219.5,219.5,75524118,41048053.75
1540515600,223,224,217,221,38439644,41045267.4
1540774800,223,224,221,222.5,18463792,39987132.7
1540861200,221,225,220.5,223,28888931,40317860.25
1540947600,228,234,228,234,57373201,41266945.75
1541034000,236,237,233,235.5,42017797,42106408.8
1541120400,236.5,236.5,233.5,236.5,30783361,41825140.5
1541379600,233,235.5,232,235,25463065,41088060.75
1541466000,234,235.5,232.5,234.5,30522176,40067221.65
1541552400,233,236,232.5,234,34443652,40344137
1541638800,237.5,237.5,236,236.5,24748146,36852061.45
1541725200,234.5,234.5,231,231,23242081,35655377.05
1541984400,230,234.5,230,231.5,23238445,34700935.3
1542070800,224.5,228,224.5,227.5,36123127,34614887.8
1542157200,230,231,228.5,228.5,20034279,33489458.85
1542243600,229.5,232,228.5,231,22079228,33308448.75
1542330000,229,229,225,226,46766909,34228871.2
1542589200,225,225,221,222,48966754,35213420.05
1542675600,219,220.5,218,218,41633756,35653720.6
1542762000,214.5,220,214,219,35303343,35202790.25
1542848400,221.5,222,219,219,21980610,32525614.85
1542934800,220.5,220.5,217,218.5,14993334,31353299.35
1543194000,219,224,218.5,223,30626804,31961449.95
1543280400,220,224.5,219,224,26598349,31846920.85
1543366800,222.5,227,222,226.5,24467026,30201612.1
1543453200,231.5,231.5,229,229,44411207,30321282.6
1543539600,229.5,231,225.5,225.5,55896957,31576962.4
1543798800,231,235,231,235,45364986,32572058.45
1543885200,233,234.5,231,234,39758162,33033857.75
1543971600,226.5,227.5,225,226,42855576,33454453.95
1544058000,220,222,219.5,220,40181112,34226102.25
1544144400,222.5,223.5,220.5,221,25077568,34317876.6
1544403600,219.5,220,218.5,219,19447461,34128327.4
1544490000,220,223,219,222.5,27395220,33691932.05
1544576400,223.5,227,222.5,226.5,26479846,34014210.4
1544662800,227,227.5,225,226,32105141,34515506.05
1544749200,223,223.5,220.5,222.5,38661159,34110218.55
1545008400,221,225,220,223.5,18964952,32610128.45
1545094800,221,223,220.5,222.5,30210541,32038967.7
1545181200,222,225.5,222,225.5,23415082,31444554.65
1545267600,221,222.5,221,221,35112116,32101129.95
1545354000,219,224,219,223.5,43529532,33527939.85
1545613200,221.5,221.5,219.5,220,22976100,33145404.65
1545699600,215.5,218,215,217.5,19402777,32785626.05
1545786000,218.5,219.5,216,216.5,16463259,32385437.7
1545872400,222,224,220.5,223,21491484,31239451.55
1545958800,223.5,225.5,222.5,225.5,29456773,29917442.35
1546390800,226.5,226.5,219,219.5,32900482,29294217.15
1546477200,214,218,214,215.5,34087620,29010690.05
1546563600,211.5,211.5,206.5,208,65943521,30165087.3
1546822800,212,214,211,213,35442176,29928140.5
1546909200,212,212.5,210,211,22694481,29808986.15
1546995600,212,216.5,211,215.5,46295446,31151385.4
1547082000,216,216.5,214.5,216,20754593,30819354.05
1547168400,219,220.5,218,220.5,28102288,30900476.15
1547427600,218.5,220,217,218.5,17612296,30175833.9
1547514000,216.5,221,215.5,221,38882923,30186922.1
1547600400,218.5,220,217.5,217.5,28978282,30687588.6
1547686800,218,221,218,220.5,21163986,30235260.85
1547773200,219,220,217.5,218.5,49627569,31545885.2
1548032400,220,223,220,221,29384866,31259522.7
1548118800,220,223,219,223,28926483,30529370.25
1548205200,221.5,222,220,220.5,16671213,30214125.9
1548291600,222.5,222.5,220.5,222.5,26417924,30564883.25
1548378000,226.5,227,225,226,46692764,32076358.5
1548637200,229.5,229.5,228,229,26026257,32303097.15
1548723600,222.5,225,222,222.5,41122520,32886384.5
1548810000,220.5,221.5,220,221,44755945,33479157.65
1549846800,228,229,226.5,228,78307106,35690131.95
1549933200,230,230,229,230,29406670,33863289.4
1550019600,232,232,228.5,229,28634925,33522926.85
1550106000,229.5,230,226,227,23647751,33570590.35
1550192400,229,229,226.5,227,22369799,32374308
1550451600,229,230.5,228.5,230,16978916,32185524.15
1550538000,230,230.5,229,229,16577023,31609260.9
1550624400,231.5,234.5,231,234.5,30479710,32252631.6
1550710800,235.5,236.5,234.5,236.5,33764489,31996709.9
1550797200,235.5,236.5,234,236.5,22032163,31649403.95
1551056400,237.5,239,236,238,24105138,31796461.55
1551142800,239,240,236.5,239.5,24522789,30541222.55
1551229200,238.5,239.5,237,239,35240889,30834023.7
1551661200,239.5,239.5,234.5,235.5,39655513,31370475.2
1551747600,234,234.5,232.5,233,22641407,31668984.9
1551834000,235,235.5,233.5,234,20433226,31369750
1551920400,235,235,233,234,17126192,29891421.4
1552006800,231,231.5,229,230,22190659,29699641.5
1552266000,228,230.5,227.5,230.5,23200793,28803555.15
1552352400,233,237,232.5,235.5,23588085,27745162.15
1552438800,234,237,234,237,20500195,24854816.6
1552525200,239,239,234,234.5,17175356,24243250.9
1552611600,237,239.5,235.5,239,33649729,24493991.1
1552870800,239.5,241,239,241,26856532,24654430.15
1552957200,239,240.5,238,240.5,14479009,24259890.65
1553043600,242,242,239.5,242,22975971,24559743.4
1553130000,242.5,245.5,241,245.5,26179502,25039867.35
1553216400,248,248.5,244.5,248.5,22931467,24662455.2
1553475600,240.5,243.5,240.5,241.5,19211254,23934793.45
1553562000,243,244,241,244,19920170,23829193.8
1553648400,242,242.5,240.5,241.5,22590089,23753441.35
1553734800,240.5,242.5,240,242,13933054,23223954.6
1553821200,243,245.5,240.5,245.5,28220810,22872950.65
1554080400,251,251,245,245.5,35330656,22656707.8
1554166800,249.5,249.5,246,246,24105053,22729890.1
1554253200,249,249,246.5,246.5,24945323,22955494.95
1554685200,251,253,250.5,253,45184821,24358426.4
1554771600,253,254,252,254,22355674,24366677.15
1554858000,253,254.5,252,254,25849934,24499134.2
1554944400,253,254,251.5,252,24896840,24564571.95
1555030800,251.5,253,251,252,13548148,24216969.6
1555290000,255,256,254,255.5,17192002,24217801.9
1555376400,257,257,255.5,257,19652648,23517947.85
1555462800,260,263,259.5,261.5,37864191,24068330.8
1555549200,264,266,263.5,264.5,38006795,25244720.1
1555635600,269,269.5,263.5,264.5,44658699,26328856.5
1555894800,266.5,267.5,265,266,24967393,26268251.05
1555981200,266.5,268,266,268,25336847,26388520.05
1556067600,270,270,267.5,269,26449755,26750445.1
1556154000,268.5,269,267,267.5,32386724,27373772.8
1556240400,262,263,257.5,260,47518804,28620208.55
1556499600,260,262,258.5,259.5,31126618,29479886.75
1556586000,260,260.5,258,259,33799419,29758817.2
1556758800,261.5,262.5,258.5,259,27091394,29346854.1
1556845200,262,265,260.5,265,29840246,29633613.75
1557104400,260,260,258,259,32823187,30027506.95
1557190800,259.5,263,259,262.5,25686126,29052572.2
1557277200,260,261.5,259.5,260,25542364,29211906.7
1557363600,259.5,259.5,256,256.5,33587574,29598788.7
1557450000,257,259,255,256,18617212,29284807.3
1557709200,253,254,249.5,250.5,28284535,30021626.65
1557795600,247.5,251,245,248.5,45055708,31414811.95
1557882000,251,252,249,249,36825479,32273453.5
1557968400,248.5,249.5,246,247,29713519,31865919.9
1558054800,249,249,241.5,241.5,38647856,31897972.95
1558314000,242.5,243,238,238,39157661,31622921.05
1558400400,233.5,236,232.5,234,80042775,34376690.15
1558486800,236.5,240.5,235.5,238,34622034,34840949.5
1558573200,233.5,233.5,230,230,58752627,36456093.1
1558659600,230,234,230,233,36000789,36636796.35
1558918800,234,235,231,231,35562033,36038957.8
1559005200,232,232,230.5,230.5,95240033,39244628.55
1559091600,228,230.5,227,229.5,26533236,38881319.4
1559178000,230,231.5,229,231,28500328,38951766.1
1559264400,232,237.5,231,235.5,46070338,39763270.7
1559523600,235.5,238.5,232,238,31054092,39674815.95
1559610000,237.5,238,233,233,24443428,39612681.05
1559696400,238,238,234,235,29139584,39792542.05
1559782800,231.5,232,229.5,232,34651731,39845749.9
1560128400,237.5,240,234.5,240,35373888,40683583.7
1560214800,240,246,239,244.5,31965670,40867640.45
1560301200,244.5,247.5,243,246,29675556,40098632.85
1560387600,242.5,244,240,240,32981724,39906445.1
1560474000,238.5,239.5,236,236,31951556,40018346.95
1560733200,231.5,235,230.5,233,51017012,40636804.75
1560819600,234,235.5,233,235.5,28578087,40107826.05
1560906000,242.5,244,240.5,244,50164372,38613905.9
1560992400,242,245.5,241,245,37836291,38774618.75
1561078800,248,248.5,246,248.5,61164304,38895202.6
1561338000,241,242,240,241,43300507,39260188.5
1561424400,241,241.5,237,238.5,28559283,38910051
1561510800,235,236.5,234,234.5,27607041,35528401.4
1561597200,236,241.5,236,240.5,42007834,36302131.3
1561683600,241.5,241.5,238,239,25962203,36175225.05
1561942800,245.5,250,245,248.5,66307875,37187101.9
1562029200,249.5,250,247.5,249,24181202,36843457.4
1562115600,244,245,242,242.5,29449774,37093774.7
1562202000,244.5,245,242.5,244,17481240,36510857.5
1562288400,244.5,245,241.5,243,22867074,35921624.65
1562547600,240,244.5,240,242.5,27787909,35542325.7
1562634000,241.5,243,240.5,242,16418987,34764991.55
1562720400,243,247,243,247,23812131,34471820.3
1562806800,250,250,247.5,250,31160289,34380748.55
1562893200,252,252,249.5,250.5,23479432,33957142.35
1563152400,251,254.5,249.5,254.5,29727300,32892656.75
1563238800,254,256.5,253.5,256,21361249,32531814.85
1563325200,254,254,251,252,25573648,31302278.65
1563411600,252,254.5,251.5,254,20842575,30452592.85
1563498000,259.5,261,259,259,59709798,30379867.55
1563757200,263,264,262,264,31522639,29790974.15
1563843600,265.5,266.5,262.5,264,29273223,29826671.15
1563930000,266.5,266.5,263,265,23734039,29633021.05
1564016400,264,265,261.5,265,30433545,29054306.6
1564102800,261,262.5,261,261,20438071,28778100
1564362000,260,262,259.5,261,17509320,26338172.25
1564448400,262.5,263,260,260,22670612,26262642.75
1564534800,260,260,257,259.5,31635601,26371934.1
1564621200,257.5,257.5,255.5,256.5,30017526,26998748.4
1564707600,252,253.5,250.5,251.5,54021644,28556476.9
1564966800,251,252,245.5,246.5,51535721,29743867.5
1565053200,240,250,240,248.5,58625879,31854212.1
1565139600,250,250.5,246.5,248,29435460,32135378.55
1565226000,248,254,248,253.5,29725266,32063627.4
1565571600,254.5,254.5,251,251,21794603,31979385.95
1565658000,249,249.5,246.5,246.5,23121107,31649076.3
1565744400,252.5,254,249.5,249.5,35216703,32341849
1565830800,247,248.5,246,248,27624412,32444387.2
1565917200,249.5,252,248,250,25370715,32670794.2
1566176400,251.5,253,250.5,252,24060514,30888330
1566262800,254,254.5,252.5,254.5,19960494,30310222.75
1566349200,254.5,255,253,254.5,20269296,29860026.4
1566435600,257,257.5,254,254,21900840,29768366.45
1566522000,253.5,254.5,253,254,14166877,28955033.05
1566781200,249,250.5,248.5,248.5,31678620,29517060.5
1566867600,250.5,251,248.5,250,50234951,31153342.05
1566954000,250.5,253,250.5,252,15132882,30776455.55
1567040400,253,254,251,254,19587767,30174063.85
1567126800,256.5,259,256,259,35184201,30432397.6
1567386000,258,258,256,257.5,14614854,28462058.1
1567472400,256.5,258,253,254,25762495,27173396.8
1567558800,254,258,254,257.5,22540733,25369139.5
1567645200,263,263,260.5,263,48791728,26336952.9
1567731600,265,265,263,263.5,25408515,26121115.35
1567990800,265.5,266,263.5,265,17235833,25893176.85
1568077200,263.5,264,260.5,261.5,29308866,26202564.8
1568163600,264,264.5,260.5,263,36196015,26251530.4
1568250000,265,265,261.5,262.5,26017293,26171174.45
1568595600,262,265.5,261.5,265.5,32573966,26531337
1568682000,266.5,266.5,264.5,265,27600844,26708353.5
1568768400,267,269.5,266.5,267,47684759,28094566.75
1568854800,268,268,264,265,25233567,28342780.3
1568941200,266,266.5,264,264,43868865,29441181.55
1569200400,264,264,263,264,13093208,29387498.1
1569286800,263.5,265.5,262,265,24244943,29015814.25
1569373200,262.5,266,262,266,21003163,27554224.85
1569459600,269,269.5,266.5,268,29940103,28294585.9
1569546000,271.5,272.5,271,272,41235817,29376988.4
1569891600,273,280.5,273,280,71743890,31204972.85
1569978000,280,281,279,279.5,29295953,31939027.8
1570064400,274,277.5,274,276.5,31890864,32245446.25
1570150800,279.5,280,275,276.5,35169613,32876890.25
1570410000,279,279.5,277.5,278,17510230,31312815.35
1570496400,283.5,286.5,282.5,286.5,35278551,31806317.15
1570582800,283.5,286,282,282,34777456,32683398.3
1571014800,291.5,291.5,288.5,290,46683517,33552130.85
1571101200,293.5,296,292,293.5,38018567,33643258.45
1571187600,298,298,293.5,296.5,40297144,34357251
1571274000,295,295.5,292,293.5,40271938,34742149.6
1571360400,293,295.5,291,293,45102984,35617256.6
1571619600,291,291,288.5,290,34634365,34964736.9
1571706000,292.5,294,291.5,294,26005020,35003309.55
1571792400,293.5,293.5,290.5,293,28675408,34243636.7
1571878800,294.5,294.5,291,293,29040827,35041017.65
1571965200,294.5,294.5,292.5,293.5,22682711,34962906.05
1572224400,295,295.5,294,294.5,20076561,34916575.95
1572310800,297,298.5,296.5,298.5,36682131,35253677.35
1572397200,298.5,299.5,296.5,299.5,32370342,34810403.6
1572483600,300,301.5,298.5,298.5,40944514,33270434.8
1572570000,299.5,299.5,296.5,299,30121678,33311721.05
1572829200,302.5,308,301,307,44899671,33962161.4
1572915600,307.5,310.5,307,310.5,32201184,33813739.95
1573002000,309,311.5,308,311,22149743,34045715.6
1573088400,310,310,306.5,309,28291659,33696371
1573174800,308.5,309,305.5,305.5,25651542,33240075.3
1573434000,305,305,300,301,35165583,32664178.6
1573520400,302.5,305,302,305,17540708,31640285.65
1573606800,303,304,301.5,304,18172438,30534050.35
1573693200,304.5,305,302,303.5,15734835,29307195.2
1573779600,305.5,307.5,304.5,307,28848445,28494468.25
1574038800,308.5,311,307,311,18691325,27697316.25
1574125200,312.5,315,311,315,31634197,27978775.1
1574211600,314,314,312,313.5,22387973,27664403.35
1574298000,309.5,311,307,311,28108833,27617803.65
1574384400,310,310.5,308,309,24737984,27720567.3
1574643600,310.5,310.5,307,307,19530177,27693248.1
1574730000,310,310.5,307,307,101224622,30920372.65
1574816400,307.5,311.5,307.5,311,18467648,30225237.95
1574902800,310,312,308.5,309.5,19077982,29131911.35
1574989200,309,309.5,305,305,30963561,29174005.5
1575248400,307,308,306.5,307.5,24016807,28129862.3
1575334800,305,307,305,307,24690319,27754319.05
1575421200,305,306,304,306,25492686,27921466.2
1575507600,309,312,309,312,34521842,28232975.35
1575594000,315,316,311,313,17695703,27835183.4
1575853200,314,316.5,314,316,23256081,27239708.3
1575939600,315,315.5,312.5,313.5,20570594,27391202.6
1576026000,314,319,313,319,31223148,28043738.1
1576112400,325,334.5,324,331.5,52742851,29894138.9
1576198800,340,343,338,339,58198939,31361663.6
1576458000,336.5,338.5,336,336,33494188,32101806.75
1576544400,335,345,335,345,40813458,32560769.8
1576630800,341.5,345,341.5,344.5,39682841,33425513.2
1576717200,340,342,335,335,54888012,34764472.15
1576803600,332,333,328.5,329,86280459,37841595.9
1577062800,329.5,334,329.5,334,26639340,38197054.05
1577149200,334,334.5,332,332,13488907,33810268.3
1577235600,332,334.5,331,333,12262954,33500033.6
1577322000,333,334,331.5,333,11427884,33117528.7
1577408400,335,338,335,338,16677806,32403240.95
1577667600,338,339,334,334.5,21531263,32278963.75
1577754000,331,333.5,331,331,22890517,32188973.65
1577926800,332.5,339,332.5,339,31754120,32502045.35
1578013200,344,345,335.5,339.5,41811268,32866516.65
1578272400,333,334.5,332,332,45343057,34248884.35
1578358800,332.5,333,326.5,329.5,50879181,35630039.35
1578445200,325,333,325,329.5,37567748,36479897.05
1578531600,335,337.5,333.5,337.5,31481504,36492814.85
1578618000,340.5,341,336,339.5,27032115,35207278.05
1578877200,342,342,339,341.5,30663332,33830497.7
1578963600,345.5,346,344.5,346,30223993,33666987.95
1579050000,345,345,337.5,340,47434274,33998028.75
1579136400,330,336.5,330,334.5,55211420,34774457.7
1579222800,334,335.5,332,333,52060097,34633061.95
1579482000,334,335.5,333,333,32658203,31951949.15
1580346000,326,326,316.5,316.5,125451049,36892534.6
1580432400,323,323.5,319,320,62526055,39344392
1580691600,315,316.5,312,315,59560849,41709286.75
1580778000,319,326,318,325,51890496,43732417.35
1580864400,329,329.5,324.5,327.5,36601453,44728599.7
1580950800,329.5,332.5,329,332.5,29267094,45115391.25
1581037200,330,330.5,326,328,28798327,45410781.75
1581296400,321.5,328,321,327.5,30632424,45354696.95
1581382800,330.5,332.5,330,331.5,27524935,44640380.3
1581469200,333.5,336,333,335,37612639,44253859.4
1581555600,338,338,335,335,22757021,42847751.4
1581642000,337,337,334.5,335,16933683,41816048.15
1581901200,331.5,333,330.5,331.5,15937079,41038826.9
1581987600,324.5,326.5,322,322,61825604,42778501.35
1582074000,322.5,327,322,326.5,38781218,43184395.65
1582160400,328,329,325,325.5,27011736,43023782.8
1582246800,325.5,326.5,323,325,22813534,41792745.8
1582506000,319.5,321.5,319.5,320,41693680,41116858.8
1582592400,320,323.5,317.5,322,36195011,40323604.5
1582678800,317,320.5,316.5,318.5,60479362,41714662.45
1582765200,319,320,315,316,61250927,38504656.35
1583110800,308,317,308,311,79912942,39374000.7
1583197200,318.5,320,316,317.5,49679411,38879928.8
1583283600,322,322,317,320.5,42941146,38432461.3
1583370000,325,326,323,323,37861525,38495464.9
1583456400,320,320.5,315,315,51546760,39609448.2
1583715600,307.5,310,305.5,305.5,87871277,42563095.7
1583802000,301.5,309,301,307,71950130,44628981
1583888400,309,310.5,302,302,62216710,46363569.75
1583974800,299,299,287,294,113527351,50159305.35
1584061200,275,294,272.5,290,149995148,56521211.7
1584320400,285,291,275.5,276.5,103873228,60868188.95
1584406800,265,276.5,265,268,121323651,66137517.55
1584493200,269.5,272.5,260,260,117437643,68918119.5
1584579600,252,253,235.5,248,160811697,75019643.45
1584666000,258.5,270,256,270,157664726,81552292.95
1584925200,257,262.5,252,255,76466709,84234951.7
1585011600,268,274,266,267.5,81952933,86247914.35
1585098000,276.5,280,274,277,79447199,88410523.75
1585184400,279.5,280,275.5,280,52845633,88028837.3
1585270800,284,286,273,273,68752306,88403906.25
1585530000,263.5,269,262.5,267.5,49159956,86866256.95
1585616400,273,274,269.5,274,48837923,86824182.55
1585702800,276.5,276.5,271.5,271.5,44515034,86902876.95
1586134800,273,275.5,270,275.5,56392754,87829438.4
1586221200,283.5,284,280.5,283,48787346,87691467.7
1586307600,285,285.5,283,285,37912826,85193545.15
1586394000,287.5,288,282.5,283,27620430,82977060.15
1586480400,280,282,279,279.5,27252858,81228867.55
1586739600,278.5,281.5,278.5,278.5,22196596,76662329.8
1586826000,281,285.5,280,285,48809688,71603056.8
1586912400,287,288.5,286,287.5,55216434,69170217.1
1586998800,283,288.5,283,286.5,47815280,65494798.55
1587085200,303.5,308.5,300.5,306.5,116368201,65441326.45
1587344400,308,309,302.5,304,41381669,59469825.05
1587430800,300.5,301.5,293.5,295,61479357,54660556.6
1587517200,294.5,295,290.5,294,42192580,52946850.15
1587603600,300,300,294,295.5,39474478,50822927.4
1587690000,295.5,297,294,294,26008090,48150971.95
1587949200,298,298.5,296,298,38493406,47433360.6
1588035600,298.5,298.5,294.5,296.5,37395165,45865503.55
1588122000,299,301.5,298,299,44059301,45610470.8
1588208400,302,305,301.5,304.5,55126085,45924878.9
1588554000,294.5,296.5,294,295,71581861,47278220.25
1588640400,296.5,298,295,295.5,23547405,45635952.8
1588726800,294.5,296,292.5,296,34240479,44908609.45
1588813200,294.5,299,294.5,297.5,27621198,44394028.05
1588899600,300,300,296,297.5,32295893,44627801.2
1589158800,300,301.5,298.5,301,28727019,44701509.25
1589245200,297.5,298.5,295,295,52089788,46196168.85
1589331600,293,297,292.5,297,26156418,45063505.35
1589418000,293,295,292.5,293,34315948,44018481.05
1589504400,297.5,298.5,294.5,298,42494804,43752457.25
1589763600,291,293.5,290,290,84986065,42183350.45
1589850000,294,294,291.5,291.5,51250214,42676777.7
1589936400,293,294,291,294,32677994,41236709.55
1590022800,296,298,295,297.5,30997468,40676953.95
1590109200,294.5,295,291,292,40192923,40712876.2
1590368400,290.5,293,288.5,292,26803223,40752632.85
1590454800,295,297.5,293.5,295.5,33856481,40520786.6
1590541200,297,298,295.5,296.5,23375959,39819826.3
1590627600,298.5,298.5,293,294,28444568,39039089.65
1590714000,292,292.5,290,292,79774181,40271494.45
1590973200,294,296.5,293.5,295.5,35811214,38482962.1
1591059600,296,297.5,296,296.5,24771587,38544171.2
1591146000,300,301,298,301,65176337,40090964.1
1591232400,305,306,304,306,46572451,41038526.75
1591318800,308.5,312,308,311.5,42981262,41572795.2
1591578000,316,319,315,318,50302921,42651590.3
1591664400,316.5,319,314,319,36417082,41867955
1591750800,319,324,318,322.5,39984259,42559347.05
1591837200,325.5,327,318.5,320.5,50104255,43348762.4
1591923600,313,317.5,312.5,316,45992918,43523668.1
1592182800,316,317.5,308.5,309.5,51032404,41825985.05
1592269200,317,317,314,315,36608216,41093885.15
1592355600,316.5,317,313.5,315,34522968,41186133.85
1592442000,314.5,315,313,314.5,29044474,41088484.15
1592528400,314,314.5,312,314.5,48130280,41485352
1592787600,314.5,316.5,312,312,37374616,42013921.65
1592874000,316,316.5,312.5,315,41300084,42386101.8
1592960400,319,320,316,317.5,54147024,43924655.05
1593392400,314,315,310,312,56580892,45331471.25
1593478800,313.5,314,311,313,48991860,43792355.2
1593565200,315,318,314,317.5,29532342,43478411.6
1593651600,319,322,318,322,34526178,43966141.15
1593738000,327,330.5,326.5,329.5,53341987,43374423.65
1593997200,332.5,338,332,338,57256220,43908612.1
1594083600,343.5,346,338,338.5,59046323,44711865.15
1594170000,337.5,342.5,337.5,341,30720218,43732730
1594256400,346,347,343,345,35522376,43687994.7
1594342800,352.5,353,345.5,348.5,60902108,44733887.15
1594602000,351,354.5,350.5,354.5,48069523,44632150.55
1594688400,355,364,354.5,363.5,61764150,45420712.15
1594774800,366,370,361,363,73438362,46541010.05
1594861200,359,361,353.5,357.5,68220512,48121624.85
1594947600,361,369,360,367,65727485,49681850.7
1595206800,370,370,362.5,366,42769238,50368088.9
1595293200,372.5,387,371.5,383,64219128,51172531.3
1595379600,381,386,379,384,43759670,51491784
1595466000,382,383,379,381.5,45209282,51687243.9
1595552400,390,395,382,386,86682734,53314029.4
1595811600,420.5,424.5,416.5,424.5,99333798,55451674.7
1595898000,464,466.5,428.5,435,166307746,61317469
1595984400,428,431.5,419.5,422,85663166,64124010.2
1596070800,436.5,441,428.5,434,69293949,65862398.75
1596157200,426,432,425.5,425.5,49897674,65690183.1
1596416400,420.5,424,415,416,76429571,66648850.65
1596502800,421.5,425.5,418.5,425.5,41223445,65757706.75
1596589200,430.5,433.5,426,429,47223834,66582887.55
1596675600,437.5,438,431,435,41029627,66858250.1
1596762000,433.5,434,428,433,36589460,65642617.7
1597021200,427.5,437.5,427.5,435.5,36067500,65042516.55
1597107600,432,435,429,429,34545313,63681574.7
1597194000,422,423.5,419,419,52143474,62616830.3
1597280400,428,429,424.5,429,44352335,61423421.45
1597366800,424,428,423,427,23419955,59308044.95
1597626000,427,435,425.5,435,34137731,58876469.6
1597712400,440,440.5,432,433,41643160,57747671.2
1597798800,436,436.5,427.5,427.5,31486800,57134027.7
1597885200,427,427.5,401,415,75097235,58628425.35
1597971600,421.5,427,420,424.5,41609467,56374762
1598230800,427.5,434.5,425,428,48375406,53826842.4
1598317200,433.5,436,430.5,434.5,35977899,47310350.05
1598403600,435.5,442,435,442,39243340,44989358.75
1598490000,448,453.5,444,444,53072712,44178296.9
1598576400,440,440.5,431,435,56842210,44525523.7
1598835600,437,439.5,426.5,426.5,81480538,44778072.05
1598922000,430,435,428,435,37429577,44588378.65
1599008400,441,441,430.5,433,34871407,43970757.3
1599094800,439.5,439.5,433.5,436,34951617,43666856.8
1599181200,427,432.5,427,429,46119911,44143379.35
1599440400,428,432.5,425,426,32019312,43940969.95
1599526800,428,433,427.5,431,23714670,43399437.8
1599613200,425,428,423,427,40551362,42819832.2
1599699600,432.5,435,430.5,435,35098921,42357161.5
1599786000,435.5,436.5,432.5,436.5,34298469,42901087.2
1600045200,436,442,435.5,441,39085833,43148492.3
1600131600,440.5,447,439.5,445,39061449,43019406.75
1600218000,460,462,455.5,458,64261238,44658128.65
1600304400,453,455,446.5,448.5,42058506,43006192.2
1600390800,447,449.5,443,444,52454922,43548464.95
1600650000,443.5,450,440,440,39463920,43102890.65
1600736400,440,441,436,437,36130639,43110527.65
1600822800,436,438.5,432,433.5,45710963,43433908.8
1600909200,425.5,429,423,423,79806381,44770592.25
1600995600,427,428,421,424,38775269,43867245.2
1601254800,427,431.5,424.5,431.5,34156973,41501066.95
1601341200,432.5,435,428,431,32230502,41241113.2
1601427600,430.5,435,430.5,433,27334204,40864253.05
1601859600,438,438,431.5,432.5,32945832,40763963.8
1601946000,441.5,442,437.5,439.5,35775395,40246738
1602032400,435,445,435,443,42926239,40792084.35
1602118800,450,454,448.5,453,60853811,42649041.4
1602464400,458,462,457.5,460,64719223,43857434.45
1602550800,465,465,456.5,462,45750738,44390025.3
1602637200,460.5,461,457,459,40809241,44715563.9
1602723600,456,456.5,450,453,47775028,45150023.65
1602810000,451,456,448.5,449,46876801,45540791.25
1603069200,453,457.5,451,457.5,34470906,44051274.65
1603155600,455.5,457,451,451,25205638,43208631.25
1603242000,453.5,456,451,453,28058921,41988831.2
1603328400,450,455,449.5,455,23438547,41187562.55
1603414800,458,458,451.5,452,18777385,40319899.85
1603674000,455,455,450,450,15059581,38787330.75
1603760400,447.5,448.5,445.5,447,20117660,35802894.7
1603846800,445,447,443,444,24710230,35099642.75
1603933200,436.5,439.5,435.5,437,41285612,35456074.7
1604019600,437,437,432,432,47668895,36227994.35
1604278800,433,435.5,428,435.5,33477443,36535156.3
1604365200,439.5,443,438,441,30328495,36404289.45
1604451600,444.5,451.5,443,450,37512790,36491159.2
1604538000,451.5,451.5,445.5,451,34886108,36089152.65
1604624400,455,455.5,450,452.5,30154140,34554169.1
1604883600,458,460,454,458.5,39245881,33280502
1604970000,452,454.5,448.5,451,34820499,32733990.05
1605056400,448.5,457,448.5,457,36765561,32531806.05
1605142800,463,463.5,457.5,458,40100880,32148098.65
1605229200,459,462,456.5,462,31037438,31356130.5
1605488400,470,484.5,469,484,81994937,33732332.05
1605574800,502,506,485.5,485.5,72413868,36092743.55
1605661200,490,497,486.5,497,50387727,37209183.85
1605747600,499,499,490,490,44220053,38248259.15
1605834000,486,490,486,488,32218000,38920289.9
1606093200,494.5,498.5,492,496.5,38039000,40069260.85
1606179600,499.5,500,491.5,492,35428000,40834777.85
1606266000,495,495.5,487,487,41321000,41665316.35
1606352400,489,493.5,488,489,28852000,41043635.75
1606438800,487.5,492,486.5,489,32911000,40305741
1606698000,493,493.5,480.5,480.5,119678000,44615768.85
1606784400,489.5,490,483.5,490,36975000,44948094.1
1606870800,499.5,500,493.5,499,50527000,45598804.6
1606957200,499.5,499.5,495,497,35606000,45634799.2
1607043600,498.5,505,497.5,503,51101000,46682142.2
1607302800,512,515,506,514,44737551,46956725.7
1607389200,514,525,509,524,41290257,47280213.6
1607475600,521,524,520,520,43872705,47635570.8
1607562000,511,515,510,512,43506133,47805833.45
1607648400,517,517,505,516,46791611,48593542.1
1607907600,512,513,508,508,30809747,46034282.6
1607994000,507,510,504,504,40839899,44455584.15
1608080400,509,515,507,512,52270282,44549711.9
1608166800,515,515,508,508,38706785,44274048.5
1608253200,508,512,507,510,40157502,44671023.6
1608512400,512,517,508,516,35047138,44521430.5
1608598800,512,516,509,509,22847245,43892392.75
1608685200,508,511,506,509,18320849,42742385.2
1608771600,511,512,508,510,15097008,42054635.6
1608858000,514,515,510,511,12581145,41038142.85
1609117200,512,515,509,515,19262886,36017387.15
1609203600,515,517,513,515,20151736,35176223.95
1609290000,516,525,514,525,46705107,34985129.3
1609376400,526,530,524,530,30326332,34721145.9
1609722000,530,540,528,536,39309959,34131593.85
1609808400,536,542,535,542,34839391,33636685.85
1609894800,555,555,541,549,54119434,34278144.7
1609981200,554,570,553,565,51939763,34681497.6
1610067600,580,580,571,580,60780148,35545198.35
1610326800,577,584,574,584,49822778,35696756.7
1610413200,583,597,582,591,51487212,36730629.95
1610499600,595,605,593,605,63958681,37886569.05
1610586000,587,597,587,592,78286708,39187390.35
1610672400,621,625,601,601,94365199,41970311.05
1610931600,608,608,594,607,46616664,42293269.15
1611018000,618,632,613,627,51679275,43124876
1611104400,633,650,631,647,84453470,46205187.25
1611190800,640,679,640,673,91912501,49884769.85
1611277200,649,665,649,649,131890314,55724435.15
1611536400,642,646,626,633,96640285,59927392.15
1611622800,632,640,610,617,104358609,64182178.3
1611709200,618,625,611,615,61490229,66249102.95
1611795600,600,608,598,601,100001514,68913923.3
1611882000,619,619,591,591,93634889,72079351.15
1612141200,595,612,587,611,68880939,73557900.15
1612227600,629,638,622,632,79976207,75814740.95
1612314000,638,642,630,630,49634227,75590480.6
1612400400,626,632,620,627,47008873,75343936.1
1612486800,638,641,631,632,54090831,75009470.25
1613523600,663,668,660,663,109485402,77992601.45
1613610000,664,665,656,660,53872341,78111857.9
1613696400,656,657,647,652,51364844,77482166.05
1613955600,660,662,650,650,37296078,75432634.55
1614042000,641,643,633,641,51641029,73296426.05
1614128400,627,636,625,625,69675637,74449374.7
1614214800,636,636,628,635,43994276,74065124.75
1614301200,611,618,606,606,117808162,75732859.35
1614646800,621,622,609,609,55444973,73909482.95
1614733200,609,622,601,622,49345387,69782236.6
1614819600,609,611,601,601,71319388,68516191.75
1614906000,588,605,584,601,82789527,67437737.65
1615165200,608,610,598,598,45330351,66629743.75
1615251600,585,595,585,595,71364341,65197885.1
1615338000,601,601,593,597,41196443,62575962.8
1615424400,596,612,595,609,55110783,61887455
1615510800,615,618,609,614,33721990,59574744.15
1615770000,614,614,609,611,27759904,58481028
1615856400,610,613,607,613,37594820,58010325.35
1615942800,612,612,602,604,41040131,57357790.35
1616029200,606,609,602,602,29926846,53379862.55
1616115600,594,598,591,591,73417854,54357138.2
1616374800,588,598,586,593,35208375,53549314.75
1616461200,597,603,593,594,30066358,53187828.75
1616547600,571,582,571,576,114240351,56317794.85
1616634000,572,581,570,575,70705812,56369303.6
1616720400,582,592,580,590,37638242,56051501.9
1616979600,599,602,596,599,38602913,52091239.45
1617066000,600,600,592,597,34022346,51020108.1
1617152400,596,597,587,587,40401672,50572922.35
1617238800,598,602,594,602,44344766,49224191.25
1617670800,615,616,608,610,37520216,46960725.7
1617757200,614,614,608,610,25213964,45954906.35
1617843600,606,613,603,613,24682283,43620803.45
1617930000,618,618,609,610,27841619,42953062.25
1618189200,612,613,603,605,23220822,41358564.2
1618275600,604,613,604,605,26577926,41001361
1618362000,608,612,600,612,30976922,41162211.9
1618448400,612,619,607,619,34480255,41006483.65
1618534800,610,611,603,610,49897191,41449336.65
1618794000,605,607,601,603,25058976,41205943.15
1618880400,598,602,595,602,35983069,39334203.9
1618966800,599,599,592,592,40832725,39615421.4
1619053200,596,598,591,591,35444824,39884344.7
1619139600,592,602,590,602,28247756,35584714.95
1619398800,605,610,603,610,31643908,33631619.75
1619485200,608,611,605,610,26711401,33085277.7
1619571600,606,608,601,602,24573487,32383806.4
1619658000,609,609,600,600,32340460,32299712.1
1620003600,595,597,588,588,44462786,32502767.8
1620090000,588,594,582,591,41867479,32378903.45
1620176400,594,594,585,585,30344592,32020122.25
1620262800,590,590,580,587,32493446,32384096.35
1620349200,594,600,589,599,28663597,32583162.05
1620608400,596,597,588,589,21335583,32257860.25
1620694800,579,580,570,571,64813839,34337511.1
1620781200,567,571,518,560,136769672,39847098.4
1620867600,547,563,541,547,68930430,41744773.8
1620954000,556,562,552,557,38556148,41948568.45
1621213200,544,558,541,549,57631847,42335301.25
1621299600,563,573,555,572,44584258,43311565.35
1621386000,571,572,565,567,29505174,42987670.6
1621472400,567,571,560,567,30161692,42454118.95
1621558800,572,577,568,573,27796899,42071722.7
1621818000,570,572,566,568,15921036,41455386.7
1621904400,576,584,573,583,33870186,41566700.6
1621990800,587,588,581,585,19008305,41181545.8
1622077200,580,582,573,582,62889002,43097321.55
1622163600,587,592,582,590,29798737,42970235.4
1622422800,595,597,590,597,31298426,42312017.4
1622509200,598,599,595,598,18179285,41127607.7
1622595600,600,600,593,595,22205789,40720667.55
1622682000,600,600,596,596,21422679,40167129.2
1622768400,591,595,590,595,16046580,39536278.35
1623027600,594,595,583,592,17502179,39344608.15
1623114000,590,595,588,589,13588552,36783343.8
1623200400,586,588,583,586,20830159,30986368.15
1623286800,591,599,587,599,29289770,29004335.15
1623373200,602,603,600,602,24748705,28313963
1623718800,607,609,606,609,27007897,26782765.5
1623805200,608,608,605,605,26304508,25868778
1623891600,601,606,598,606,23218032,25554420.9
1623978000,608,608,601,603,32871170,25689894.8
1624237200,590,594,583,583,47246695,26662384.6
1624323600,585,588,578,578,29130091,27322837.35
1624410000,583,598,581,595,35025023,27380579.2
1624496400,598,598,588,590,16778765,27269102.2
1624582800,598,598,589,591,19084086,25078856.4
1624842000,590,590,586,590,15340977,24355968.4
1624928400,598,598,591,595,29304548,24256274.5
1625014800,599,599,595,595,25358380,24615229.25
1625101200,596,597,591,593,18624706,24436175.1
1625187600,590,593,587,588,18713718,24300727.05
1625446800,588,597,588,591,29207105,24958753.3
1625533200,595,596,589,592,13256591,24746473.9
1625619600,590,594,588,594,17329148,24933503.7
1625706000,595,595,588,588,21561183,24970054.9
1625792400,582,585,580,584,30190492,25015091
1626051600,595,597,590,593,31962596,25375785.55
1626138000,600,608,599,607,54352335,26743007.45
1626224400,613,615,608,613,39627241,27409144.1
1626310800,613,614,608,614,22875868,27392035.9
1626397200,591,595,588,589,59948128,28745883.8
1626656400,583,584,578,582,43059966,28536547.35
1626742800,579,584,579,581,15923855,27876235.55
1626829200,586,586,580,585,26407215,27445345.15
1626915600,589,594,587,591,26508950,27931854.4
1627002000,592,592,583,585,15705191,27762909.65
1627261200,591,591,580,580,22442745,28117998.05
1627347600,581,584,580,580,18125325,27559036.9
1627434000,576,579,573,579,38112486,28196742.2
1627520400,585,585,577,583,23746772,28452845.5
1627606800,581,582,578,580,19259286,28480123.9
1627866000,583,590,580,590,23825096,28211023.45
1627952400,594,594,590,594,23185984,28707493.1
1628038800,598,598,594,596,20818971,28881984.25
1628125200,598,598,593,596,15507765,28579313.35
1628211600,596,596,588,591,13894018,27764489.65
1628470800,590,595,583,595,17611955,27046957.6
1628557200,596,596,589,591,17379825,25198332.1
1628643600,590,590,585,590,20262399,24230090
1628730000,586,588,584,586,15644265,23868509.85
1628816400,585,585,579,581,23285973,22035402.1
1629075600,582,586,578,584,19579389,20861373.25
1629162000,580,582,578,580,31705499,21650455.45
1629248400,568,575,566,574,45953629,22627776.15
1629334800,573,573,559,559,42133375,23408997.4
1629421200,560,563,551,552,47300449,24988760.3
1629680400,560,572,559,566,34146637,25573954.9
1629766800,574,575,571,572,25189309,25927154.1
1629853200,579,585,574,585,28008651,25421962.35
1629939600,601,603,591,594,44846320,26476939.75
1630026000,596,600,593,599,28150532,26921502.05
1630285200,602,605,599,605,38191821,27639838.3
1630371600,604,614,598,614,54534407,29207259.45
1630458000,614,614,608,613,31062788,29719450.3
1630544400,613,615,607,607,24849492,30186536.65
1630630800,610,620,610,620,53915006,32187586.05
1630890000,623,638,621,631,58426061,34228291.35
1630976400,634,634,623,623,27183775,34718488.85
1631062800,622,627,612,619,38713621,35641049.95
1631149200,612,620,610,619,19128522,35815262.8
1631235600,615,623,614,622,16662439,35484086.1
1631494800,619,620,613,615,15659768,35288105.05
1631581200,618,618,612,613,14658935,34435776.85
1631667600,610,613,607,607,23798452,33328018
1631754000,603,607,599,600,23166040,32379651.25
1631840400,600,610,599,600,40998815,32064569.55
1632272400,586,589,583,586,42510169,32482746.15
1632358800,588,593,588,588,22236266,32335094
1632445200,591,598,590,598,16993848,31784353.85
1632704400,600,602,593,602,19680221,30526048.9
1632790800,595,596,592,594,16923896,29964717.1
1632877200,580,583,577,580,51758124,30643032.25
1632963600,580,585,575,580,31289723,29480798.05
1633050000,579,579,571,574,38817124,29868514.85
1633309200,574,575,569,572,22045138,29728297.15
1633395600,562,572,560,572,35198650,28792479.35
1633482000,573,574,565,571,33887379,27565545.25
1633568400,575,582,572,580,28252400,27618976.5
1633654800,582,583,573,575,18781904,26622390.65
1634000400,570,575,564,575,27126088,27022268.95
1634086800,572,575,570,571,19174437,27147868.85
1634173200,579,579,573,573,14135641,27071662.5
1634259600,592,600,586,600,54933252,29085378.35
1634518800,604,604,590,590,19533943,28872152.9
1634605200,598,600,593,600,18024936,28615097.7
1634691600,603,604,597,598,16671678,27398740.85
1634778000,602,603,595,596,16699324,26108198.6
1634864400,600,602,594,600,14236279,25708199.25
1635123600,597,597,590,593,16991968,25708105.25
1635210000,595,600,593,599,20253187,25736753.55
1635296400,598,599,594,599,15123278,25646722.65
1635382800,598,598,591,595,16847154,23901174.15
1635469200,595,596,589,590,26095673,23641471.65
1635728400,591,593,590,590,16313166,22516273.75
1635814800,594,597,590,592,15368999,22182466.8
1635901200,597,597,592,592,10356984,20940383.5
1635987600,592,594,585,587,18345245,20163276.8
1636074000,598,600,595,600,34158799,20458596.75
1636333200,600,602,598,602,20285897,20533796.4
1636419600,611,617,610,611,41168225,21235903.25
1636506000,611,612,608,612,16688512,21111607
1636592400,600,606,600,606,18745792,21342114.55
1636678800,610,611,602,604,16036009,19397252.4
1636938000,609,611,607,608,15897935,19215452
1637024400,612,612,608,610,21316308,19380020.6
1637110800,615,615,608,610,20030653,19547969.35
1637197200,613,614,607,613,20490191,19737512.7
1637283600,622,623,617,618,36684820,20859939.75
1637542800,618,618,615,615,20573854,21039034.05
1637629200,615,615,611,612,19685520,21010650.7
1637715600,612,612,602,603,20805524,21294763
1637802000,605,607,601,603,12141433,21059476.95
1637888400,598,601,592,596,27790175,21144202.05
1638147600,594,598,591,593,23832615,21520174.5
1638234000,597,600,591,596,62427408,23873094.95
1638320400,596,603,594,600,21646408,24437566.15
1638406800,605,615,602,615,46158976,25828252.7
1638493200,614,614,606,608,23268974,25283761.45
1638752400,603,609,600,600,23820913,25460512.25
1638838800,602,607,597,607,19087883,24356495.15
1638925200,614,614,602,602,21021708,24573154.95
1639011600,606,608,602,608,11212833,24196507
1639098000,605,608,602,605,10606659,23925039.5
1639357200,609,610,601,601,17893933,24024839.4
1639443600,598,600,597,599,22997961,24108922.05
1639530000,597,601,596,600,22125040,24213641.4
1639616400,605,605,601,605,22045282,24291395.95
1639702800,601,607,599,607,24230495,23668679.7
1639962000,607,607,598,598,21657761,23722875.05
1640048400,597,600,595,597,17322559,23604727
1640134800,598,601,598,600,9923887,23060645.15
1640221200,607,608,602,606,16910501,23299098.55
1640307600,606,609,604,604,11294635,22474321.55
1640566800,604,610,604,606,16771900,22121285.8
1640653200,610,615,610,615,35156339,20757732.35
1640739600,615,619,614,616,25579320,20954377.95
1640826000,619,620,615,615,19995055,19646181.9
1641171600,619,632,618,631,72862302,22125848.3
1641258000,645,656,644,656,83145643,25092084.8
1641344400,669,669,646,650,70949550,27685168.15
1641430800,638,646,636,644,54403736,29354269.55
1641517200,643,646,632,634,39178766,30752566.2
1641776400,628,645,627,643,38833754,32163920.95
1641862800,646,651,639,651,33687544,32953601.5
1641949200,657,660,650,660,39914298,33799418.35
1642035600,658,662,655,661,38851028,34635717.75
1642122000,673,673,661,672,97171193,38392013.3
1642381200,685,688,678,683,61201552,40240566.15
1642467600,678,681,662,662,45049321,41410144.15
1642554000,652,660,651,654,41390247,42613528.55
1642640400,650,657,646,651,47206473,44477657.85
1642726800,644,646,637,641,51129101,46188587.85
1642986000,639,655,637,653,47698203,48008766.25
1643072400,643,645,638,641,53480064,49844174.45
1643158800,635,641,635,636,30634553,49618085.15
1644195600,644,644,631,635,57695049,51223871.6
1644282000,645,645,628,628,40605259,52254381.8
1644368400,635,637,630,633,30653394,50143936.4
1644454800,639,649,637,649,35021892,47737748.85
1644541200,646,650,642,650,27078682,45544205.45
1644800400,640,641,635,637,28474670,44247752.15
1644886800,633,639,633,633,22711955,43424411.6
1644973200,645,646,640,646,25524771,42758962.45
1645059600,644,646,641,645,18392347,41994202.6
1645146000,638,639,636,637,21274975,41062236.45
1645405200,633,636,632,632,24938110,40366590.55
1645491600,628,630,625,627,36087210,37312391.4
1645578000,624,629,623,625,33352338,35919930.7
1645664400,618,619,604,604,79278979,37631413.6
1645750800,600,609,600,604,93137943,40218798.4
1646096400,599,610,599,604,68418880,41279418.75
1646182800,601,605,600,601,42135151,40829721.25
1646269200,603,607,601,602,35869932,40238307.7
1646355600,595,597,592,595,63227167,40725662.85
1646614800,580,581,575,576,97056600,44046765.2
1646701200,561,570,561,563,87976413,45560833.4
1646787600,567,573,567,568,56152412,46338191.05
1646874000,585,589,582,587,47540145,47182528.6
1646960400,581,582,574,575,42362381,47549553.05
1647219600,574,577,572,572,36713552,48031296.55
1647306000,562,563,558,558,84108792,50813002.65
1647392400,564,565,555,558,47154807,52035145.25
1647478800,578,583,575,582,62601899,53889001.65
1647565200,582,582,576,581,47248448,55331806.7
1647824400,583,589,583,586,22097114,55372913.65
1647910800,577,586,577,583,20872124,55169614.35
1647997200,590,590,586,590,26558008,54693154.25
1648083600,587,592,585,591,20507676,54050921.15
1648170000,597,598,595,598,26794684,51426706.4
1648429200,581,586,580,584,27815730,48160595.75
1648515600,586,589,584,589,15358359,45507569.7
1648602000,599,600,597,600,42950548,45548339.55
1648688400,602,602,594,597,23096417,44909663.8
1648774800,585,589,584,589,31247086,43310659.75
1649206800,578,580,575,578,39230932,40419376.35
1649293200,571,573,566,566,47079937,38374552.55
1649379600,567,570,566,567,30652384,37099551.15
1649638800,563,566,558,558,40970758,36771081.8
1649725200,554,564,552,557,32762056,36291065.55
1649811600,564,576,563,573,36608137,36285794.8
1649898000,577,578,573,573,19628847,33061797.55
1649984400,562,566,561,562,31339930,32271053.7
1650243600,559,566,558,561,16579296,29969923.55
1650330000,566,569,563,565,17169242,28465963.25
1650416400,570,570,562,570,28124222,28767318.65
1650502800,571,571,565,565,19006083,28674016.6
1650589200,558,559,557,558,31803898,28936311.1
